Problem,Set,Instance,BKS,Ref,BestRef,AvgRef,TimeRef,BestGeneric,AvgGeneric,TimeGeneric,N,TStarGeneric
VRPSPD,D,c0530,635.62,FSPD100k,635.62,635.62,25.546,635.6224,635.6224,261.7642,50,130.7656
VRPSPD,D,c0531,697.84,FSPD100k,697.84,697.84,28.652,697.8355,697.8355,296.1766,50,4.1338
VRPSPD,D,c0532,659.34,FSPD100k,659.34,659.34,28.706,659.336,659.336,286.9046,50,0.2344
VRPSPD,D,c0533,680.04,FSPD100k,680.04,680.04,31.088,680.0414,680.0414,311.1546,50,7.294
VRPSPD,D,c0534,690.5,FSPD100k,690.5,690.5,31.435,690.4998,690.4998,345.9014,50,0.0478
VRPSPD,D,c0535,659.9,FSPD100k,659.9,659.9,24.976,659.9047,659.9047,261.444,50,1.2538
VRPSPD,D,c0536,651.09,FSPD100k,651.09,651.09,33.908,651.0871,651.0871,350.8436,50,21.3622
VRPSPD,D,c0537,659.17,FSPD100k,659.17,659.17,24.921,659.1663,659.1663,249.4818,50,26.8416
VRPSPD,D,c0538,719.47,FSPD100k,719.47,719.47,29.351,719.4748,719.4748,300.8594,50,0.155
VRPSPD,D,c0539,681.0,FSPD100k,681.0,681.0,33.762,680.9967,680.9967,337.898,50,0.4802
VRPSPD,D,c0580,961.5,FSPD100k,961.5,961.5,26.492,961.4964,961.4964,264.8256,50,2.7056
VRPSPD,D,c0581,1049.65,FSPD100k,1049.65,1049.65,23.267,1049.6544,1049.6544,234.6532,50,12.2322
VRPSPD,D,c0582,1039.64,FSPD100k,1039.64,1039.64,28.403,1039.6362,1039.6362,290.5752,50,250.1488
VRPSPD,D,c0583,983.34,FSPD100k,983.34,983.34,22.471,983.3391,983.3391,224.8994,50,14.196
VRPSPD,D,c0584,1065.49,FSPD100k,1065.49,1065.49,30.986,1065.4944,1065.4944,320.421,50,8.9518
VRPSPD,D,c0585,1027.08,FSPD100k,1027.08,1027.08,24.618,1027.0836,1027.0836,252.8206,50,14.5028
VRPSPD,D,c0586,971.82,FSPD100k,971.82,971.82,30.722,971.8215,971.8215,312.2784,50,0.9844
VRPSPD,D,c0587,1051.28,FSPD100k,1051.28,1051.28,21.481,1051.2815,1051.2815,215.3132,50,122.0212
VRPSPD,D,c0588,1071.18,FSPD100k,1071.18,1071.18,31.479,1071.1812,1071.1812,350.7558,50,3.8422
VRPSPD,D,c0589,1060.5,FSPD100k,1060.5,1060.5,26.54,1060.5002,1060.5002,265.81,50,10.4458
VRPSPD,D,cc0530,616.52,FSPD100k,616.52,616.52,31.196,616.5204,616.5204,312.8336,50,0.925
VRPSPD,D,cc0531,554.47,FSPD100k,554.47,554.47,32.289,554.4711,554.4711,347.5714,50,1.8438
VRPSPD,D,cc0532,518.0,FSPD100k,518.0,518.0,27.323,518.0047,518.2259,284.0176,50,108.3088
VRPSPD,D,cc0533,591.19,FSPD100k,591.19,591.19,39.432,591.1889,591.1889,396.0922,50,0.0562
VRPSPD,D,cc0534,588.79,FSPD100k,588.79,588.79,30.274,588.7938,588.7938,350.8144,50,21.3614
VRPSPD,D,cc0535,563.7,FSPD100k,563.7,563.7,33.022,563.6967,563.6967,373.8854,50,4.631
VRPSPD,D,cc0536,499.05,FSPD100k,499.05,499.05,30.946,499.0515,499.0515,311.6034,50,9.7022
VRPSPD,D,cc0537,576.48,FSPD100k,576.48,576.48,25.273,576.4812,576.4812,260.6412,50,4.0594
VRPSPD,D,cc0538,523.05,FSPD100k,523.05,523.05,38.753,523.05,523.05,392.1416,50,0.4838
VRPSPD,D,cc0539,578.25,FSPD100k,578.25,578.25,29.456,578.2453,578.2453,295.4084,50,1.8524
VRPSPD,D,cc0580,857.17,FSPD100k,857.17,857.17,32.992,857.1731,857.1731,350.761,50,32.3494
VRPSPD,D,cc0581,740.85,FSPD100k,740.85,740.85,42.967,740.854,740.854,429.4588,50,3.3122
VRPSPD,D,cc0582,712.89,FSPD100k,712.89,712.89,45.895,712.8883,712.8883,475.2824,50,9.6714
VRPSPD,D,cc0583,811.07,FSPD100k,811.07,811.07,40.588,811.067,811.067,419.9712,50,18.8052
VRPSPD,D,cc0584,772.25,FSPD100k,772.25,772.25,31.389,772.2533,772.2533,316.4172,50,1.106
VRPSPD,D,cc0585,754.88,FSPD100k,754.88,754.88,34.712,754.8809,754.8809,346.92,50,1.4788
VRPSPD,D,cc0586,678.92,FSPD100k,678.92,678.92,27.894,678.9197,678.9197,280.7184,50,17.3202
VRPSPD,D,cc0587,811.96,FSPD100k,811.96,811.96,37.28,811.9558,811.9558,378.9744,50,19.959
VRPSPD,D,cc0588,767.53,FSPD100k,767.53,767.53,30.549,767.526,767.526,309.302,50,6.2528
VRPSPD,D,cc0589,809.0,FSPD100k,809.0,809.0,37.828,809.0044,809.0044,391.7918,50,17.3588
VRPSPD,MG,C1_2_1,3628.51,FSPD100k,3628.51,3631.7031,29.241,3638.299,3664.614,352.5048,200,170.1802
VRPSPD,MG,C1_4_1,11047.19,FSPD100k,11089.9426,11113.0313,33.742,11155.283,11192.3985,398.9938,400,362.5302
VRPSPD,MG,C2_2_1,1726.59,FSPD100k,1726.59,1726.59,34.469,1726.7336,1727.8088,353.0694,200,353.0694
VRPSPD,MG,C2_4_1,3539.5,FSPD100k,3541.8715,3549.5876,37.273,3588.4127,3600.1567,394.5208,400,394.5204
VRPSPD,MG,R1_2_1,3353.8,FSPD100k,3355.7117,3364.6998,25.588,3354.6272,3366.5396,324.079,200,324.079
VRPSPD,MG,R1_4_1,9519.45,FSPD100k,9533.0628,9562.0019,30.032,9636.632,9670.0827,371.498,400,371.4672
VRPSPD,MG,R2_2_1,1665.58,FSPD100k,1665.58,1665.58,40.989,1666.0854,1670.3071,411.2756,200,411.2756
VRPSPD,MG,R2_4_1,3546.49,FSPD100k,3546.49,3552.7318,36.358,3580.0464,3630.9234,364.8668,400,364.866
VRPSPD,MG,RC1_2_1,3303.7,FSPD100k,3307.5653,3317.8729,29.017,3316.0522,3322.0325,350.3032,200,350.3026
VRPSPD,MG,RC1_4_1,9447.53,FSPD100k,9478.2345,9497.5074,31.311,9643.8075,9655.9982,373.3526,400,373.35
VRPSPD,MG,RC2_2_1,1560.0,FSPD100k,1560.0,1560.0,43.277,1559.9974,1560.7477,434.4172,200,434.4166
VRPSPD,MG,RC2_4_1,3403.7,FSPD100k,3403.7,3403.7,41.148,3446.9009,3483.2862,425.3064,400,425.3052
VRPSPD,MG,c101,1220.18,FSPD100k,1220.9853,1222.8278,32.057,1220.1833,1220.1833,351.2254,100,351.225
VRPSPD,MG,c201,662.07,FSPD100k,662.07,662.07,42.832,662.0667,662.0667,438.5996,100,10.4344
VRPSPD,MG,r101,1009.95,FSPD100k,1009.95,1010.0813,23.357,1009.9522,1009.9522,261.6956,100,261.6778
VRPSPD,MG,r201,666.2,FSPD100k,666.2067,666.2067,37.703,666.2041,666.2041,395.996,100,253.5408
VRPSPD,MG,rc101,1059.32,FSPD100k,1059.32,1059.32,25.323,1059.3224,1059.3224,258.0032,100,248.2048
VRPSPD,MG,rc201,672.92,FSPD100k,672.92,672.92,31.163,672.9217,672.9217,312.5664,100,34.3862
VRPSPD,SN,sn11x,833.92,FSPD100k,833.92,833.92,29.447,840.4101,845.0578,345.1262,120,345.126
VRPSPD,SN,sn11y,833.92,FSPD100k,833.92,834.0784,29.77,837.0489,842.013,322.5714,120,322.5714
VRPSPD,SN,sn12x,662.22,FSPD100k,662.22,662.3458,26.918,662.4083,663.2671,280.772,100,280.7716
VRPSPD,SN,sn12y,662.22,FSPD100k,662.22,662.22,26.361,663.5018,663.7304,272.6538,100,247.5526
VRPSPD,SN,sn1x,466.77,FSPD100k,466.7747,466.7747,24.844,466.7729,466.7729,258.0316,50,1.044
VRPSPD,SN,sn1y,466.77,FSPD100k,466.7747,466.7747,24.477,466.7729,466.7729,245.3906,50,1.6848
VRPSPD,SN,sn2x,684.21,FSPD100k,684.21,684.4563,22.101,684.2115,684.3465,233.6644,75,218.9876
VRPSPD,SN,sn2y,684.21,FSPD100k,684.21,684.3674,23.087,684.2115,684.2115,261.9272,75,242.0698
VRPSPD,SN,sn3x,721.27,FSPD100k,721.27,721.2844,31.228,721.2708,721.2708,361.3096,100,361.3092
VRPSPD,SN,sn3y,721.27,FSPD100k,721.27,721.3133,30.545,721.2708,721.2708,366.0358,100,327.596
VRPSPD,SN,sn4x,852.46,FSPD100k,852.46,852.6816,31.608,852.4626,853.0196,332.5406,150,332.5406
VRPSPD,SN,sn4y,852.46,FSPD100k,852.46,852.6475,33.176,852.4626,852.9318,347.0284,150,347.0282
VRPSPD,SN,sn5x,1029.25,FSPD100k,1029.25,1029.3118,33.524,1029.2482,1030.2614,356.1212,199,356.1206
VRPSPD,SN,sn5y,1029.25,FSPD100k,1029.25,1029.425,32.966,1029.2482,1030.0698,371.6598,199,371.6598
RiskVRP,O,O10,26.8,ILS-SP,26.8,26.8,0.1,26.8324,26.8324,2.3412,9,0.103
RiskVRP,O,O103,221.7,ILS-SP,221.7,221.7,10.0,221.6624,221.6624,100.039,102,11.3746
RiskVRP,O,O105,231.5,ILS-SP,231.5,231.5,9.9,231.548,231.548,98.828,104,4.1782
RiskVRP,O,O125,259.8,ILS-SP,259.8,259.8,19.0,259.7771,259.7771,197.0256,124,31.2348
RiskVRP,O,O127,269.7,ILS-SP,269.7,269.7,17.2,269.6686,269.6686,171.5512,126,31.559
RiskVRP,O,O13,35.8,ILS-SP,35.8,35.8,0.1,35.7771,35.7771,1.0092,12,0.0002
RiskVRP,O,O137,295.6,ILS-SP,295.6,295.6,19.2,295.5545,295.5545,191.4802,136,101.9626
RiskVRP,O,O145,320.4,ILS-SP,320.8,322.2,195.1,320.9492,323.53,2027.5704,144,1964.8112
RiskVRP,O,O16,38.8,ILS-SP,38.8,38.8,0.2,38.8322,38.8322,2.006,15,0.0008
RiskVRP,O,O169,359.5,ILS-SP,359.5,359.5,32.5,359.5497,359.5497,332.5088,168,149.1608
RiskVRP,O,O187,389.7,ILS-SP,389.7,389.7,46.5,389.6668,389.6668,463.7162,186,266.1168
RiskVRP,O,O19,52.4,ILS-SP,52.4,52.4,0.2,52.4397,52.4397,3.1282,18,0.1326
RiskVRP,O,O209,461.7,ILS-SP,461.7,461.7,51.1,461.6943,461.6943,509.659,208,210.0872
RiskVRP,O,O21,51.8,ILS-SP,51.8,51.8,0.3,51.7771,51.7771,3.003,20,0.0042
RiskVRP,O,O249,519.5,ILS-SP,519.5,519.5,91.1,519.5489,519.5489,920.9658,248,846.7316
RiskVRP,O,O25,64.9,ILS-SP,64.9,64.9,0.4,64.8772,64.8772,4.5144,24,0.1556
RiskVRP,O,O273,589.7,ILS-SP,589.7,589.7,97.5,589.6897,589.6897,982.1878,272,677.101
RiskVRP,O,O28,62.8,ILS-SP,62.8,62.8,0.6,62.8319,62.8319,5.997,27,0.0134
RiskVRP,O,O31,77.7,ILS-SP,77.7,77.7,0.6,77.6645,77.6645,6.0372,30,0.0146
RiskVRP,O,O337,717.7,ILS-SP,717.7,717.7,168.9,717.69,718.0213,1699.6644,336,1697.8714
RiskVRP,O,O37,83.8,ILS-SP,83.8,83.8,1.0,83.7771,83.7771,9.9842,36,0.0678
RiskVRP,O,O40,86.8,ILS-SP,86.8,86.8,1.3,86.8315,86.8315,21.5198,39,0.1116
RiskVRP,O,O41,102.0,ILS-SP,102.0,102.0,1.1,101.9825,101.9825,10.9934,40,0.0536
RiskVRP,O,O49,101.3,ILS-SP,101.3,101.3,1.5,101.2911,101.2911,15.0336,48,0.4104
RiskVRP,O,O52,110.8,ILS-SP,110.8,110.8,2.4,110.8312,110.8312,23.9982,51,0.8288
RiskVRP,O,O53,115.8,ILS-SP,115.8,115.8,2.2,115.7771,115.7771,22.0908,52,0.4172
RiskVRP,O,O55,125.7,ILS-SP,125.7,125.7,2.2,125.6638,125.6638,22.2164,54,0.2736
RiskVRP,O,O64,134.8,ILS-SP,134.8,134.8,4.1,134.8343,134.8343,41.3178,63,1.1724
RiskVRP,O,O69,147.8,ILS-SP,147.8,147.8,4.2,147.7771,147.7771,42.1616,68,2.8276
RiskVRP,O,O73,167.6,ILS-SP,167.6,167.6,4.2,167.5528,167.5528,42.0078,72,0.5762
RiskVRP,O,O79,173.7,ILS-SP,173.7,173.7,5.3,173.6631,173.6631,52.8686,78,2.6902
RiskVRP,O,O81,170.9,ILS-SP,170.9,171.0,8.2,170.9448,170.9529,95.8998,80,95.8992
RiskVRP,O,O85,179.8,ILS-SP,179.8,179.8,7.0,179.7771,179.7771,71.5316,84,4.612
RiskVRP,O,O94,194.8,ILS-SP,194.8,194.8,10.8,194.8334,194.8334,107.7724,93,18.6496
RiskVRP,S,S10,20.0,ILS-SP,20.0,20.0,0.1,19.9839,19.9839,2.3234,9,0.1192
RiskVRP,S,S103,246.8,ILS-SP,246.8,246.8,10.2,246.7614,246.7614,102.054,102,0.5934
RiskVRP,S,S105,240.4,ILS-SP,240.4,240.4,13.7,240.4186,240.5139,141.4672,104,114.928
RiskVRP,S,S125,283.3,ILS-SP,283.3,283.3,17.7,283.3071,283.3071,188.479,124,6.2316
RiskVRP,S,S127,306.6,ILS-SP,306.6,306.6,17.1,306.6397,306.6397,170.6064,126,3.0402
RiskVRP,S,S13,26.6,ILS-SP,26.6,26.6,0.1,26.6458,26.6458,1.0454,12,0.0004
RiskVRP,S,S137,333.5,ILS-SP,333.5,333.5,25.8,333.5315,333.5404,272.5342,136,272.5286
RiskVRP,S,S145,264.6,ILS-SP,264.9,265.6,36.4,264.7789,264.9797,401.6874,144,401.6866
RiskVRP,S,S16,35.4,ILS-SP,35.4,35.4,0.2,35.4117,35.4117,2.0074,15,0.0014
RiskVRP,S,S169,408.5,ILS-SP,408.5,408.5,37.7,408.4915,409.7645,379.3668,168,150.1404
RiskVRP,S,S187,424.8,ILS-SP,424.8,424.8,44.9,424.8352,424.8352,447.8134,186,336.8328
RiskVRP,S,S19,38.2,ILS-SP,38.2,38.2,0.2,38.1778,38.1778,2.1962,18,0.0018
RiskVRP,S,S209,427.5,ILS-SP,428.4,432.3,174.2,427.4624,428.4209,1790.742,208,1790.741
RiskVRP,S,S21,47.2,ILS-SP,47.2,47.2,0.3,47.2161,47.2161,3.008,20,0.0022
RiskVRP,S,S249,598.6,ILS-SP,598.6,598.6,94.0,599.7109,599.9286,952.4822,248,229.2048
RiskVRP,S,S25,49.7,ILS-SP,49.7,49.7,0.4,49.7184,49.7184,4.3162,24,2.3564
RiskVRP,S,S273,612.4,ILS-SP,619.3,625.7,270.3,612.2366,613.6833,2755.9448,272,2150.814
RiskVRP,S,S28,61.8,ILS-SP,61.8,61.8,0.6,61.7956,61.7956,5.9934,27,0.007
RiskVRP,S,S31,70.0,ILS-SP,70.0,70.0,0.6,70.0249,70.0249,6.1408,30,0.203
RiskVRP,S,S337,778.1,ILS-SP,778.1,790.4,336.1,762.6204,765.9867,3412.1578,336,2722.6358
RiskVRP,S,S37,82.4,ILS-SP,82.4,82.4,0.9,82.3941,82.3941,8.9854,36,0.0148
RiskVRP,S,S40,98.6,ILS-SP,98.6,98.6,1.2,98.593,98.593,11.976,39,0.0396
RiskVRP,S,S41,88.0,ILS-SP,88.0,88.0,1.2,87.9954,87.9954,12.3066,40,10.1072
RiskVRP,S,S49,81.1,ILS-SP,81.1,81.1,1.6,81.0712,81.0712,16.2384,48,16.2384
RiskVRP,S,S52,118.7,ILS-SP,118.7,118.7,2.2,118.7109,118.7109,21.9796,51,0.2276
RiskVRP,S,S53,123.1,ILS-SP,123.1,123.1,2.1,123.1106,123.1106,21.1358,52,0.0514
RiskVRP,S,S55,132.9,ILS-SP,132.9,132.9,2.4,132.928,132.928,24.1292,54,10.2794
RiskVRP,S,S64,150.6,ILS-SP,150.6,150.6,3.7,150.5969,150.5969,37.2832,63,0.1948
RiskVRP,S,S69,166.1,ILS-SP,166.1,166.1,3.9,166.1177,166.1177,39.2824,68,0.35
RiskVRP,S,S73,161.1,ILS-SP,161.1,161.1,6.5,161.0998,161.0998,68.5132,72,68.5126
RiskVRP,S,S79,197.2,ILS-SP,197.2,197.2,5.3,197.1617,197.1617,53.0962,78,1.9918
RiskVRP,S,S81,133.4,ILS-SP,133.4,133.4,6.6,133.4085,133.4085,69.5076,80,69.5072
RiskVRP,S,S85,201.2,ILS-SP,201.2,201.2,6.5,201.1819,201.1819,76.224,84,1.3312
RiskVRP,S,S94,212.5,ILS-SP,212.5,212.5,9.7,212.4814,212.4814,96.7352,93,0.933
RiskVRP,V,101_1.0,2140.2,ILS-SP,2140.2,2140.2,8.8,2140.1966,2140.31,96.9254,100,96.9252
RiskVRP,V,101_1.5,1612.6,ILS-SP,1613.6,1614.2,21.9,1612.5869,1612.7908,233.0956,100,228.7856
RiskVRP,V,101_2.0,1342.3,ILS-SP,1343.4,1345.4,22.4,1342.3177,1343.158,238.0878,100,238.0868
RiskVRP,V,101_2.5,1179.6,ILS-SP,1179.6,1188.5,28.6,1179.6259,1186.2763,326.1132,100,326.1126
RiskVRP,V,101_3.0,1096.0,ILS-SP,1096.0,1097.8,16.1,1095.9652,1096.0742,170.7752,100,170.7748
RiskVRP,V,121_1.0,5743.3,ILS-SP,5757.3,5759.9,40.3,5798.5529,5946.4234,406.0308,120,406.03
RiskVRP,V,121_1.5,3866.0,ILS-SP,3875.5,3881.6,157.9,3868.6914,3873.0773,1634.5434,120,1634.5426
RiskVRP,V,121_2.0,2994.8,ILS-SP,3004.4,3011.9,157.9,2998.6028,3009.3539,1634.7486,120,1634.7474
RiskVRP,V,121_2.5,2525.4,ILS-SP,2525.4,2575.2,197.6,2532.4288,2551.5868,2040.1092,120,1702.3548
RiskVRP,V,121_3.0,2133.4,ILS-SP,2135.9,2196.9,192.4,2141.0045,2157.4434,1989.3374,120,1989.336
RiskVRP,V,135_1.0,2053.3,ILS-SP,2053.6,2060.0,22.4,2056.8866,2059.1165,225.1728,134,225.1722
RiskVRP,V,135_1.5,1568.1,ILS-SP,1572.8,1581.5,28.1,1567.4785,1572.5163,289.4716,134,289.4714
RiskVRP,V,135_2.0,1379.4,ILS-SP,1382.0,1389.2,39.3,1377.7107,1378.2986,424.3216,134,424.3212
RiskVRP,V,135_2.5,1206.1,ILS-SP,1206.1,1207.3,21.0,1206.2145,1206.8154,210.4688,134,210.468
RiskVRP,V,135_3.0,1147.9,ILS-SP,1156.6,1161.7,22.8,1137.8887,1138.9216,236.9186,134,236.9182
RiskVRP,V,151_1.0,2956.9,ILS-SP,2956.9,2959.3,28.6,2959.8175,2960.6484,295.2876,150,295.2848
RiskVRP,V,151_1.5,2169.9,ILS-SP,2171.9,2174.3,96.5,2169.8792,2175.7953,1028.2594,150,1028.2586
RiskVRP,V,151_2.0,1775.4,ILS-SP,1777.2,1777.7,81.6,1777.5296,1782.2988,884.7942,150,884.7936
RiskVRP,V,151_2.5,1535.8,ILS-SP,1536.7,1537.6,91.7,1536.3714,1536.5302,974.6184,150,974.6174
RiskVRP,V,151_3.0,1389.2,ILS-SP,1400.5,1404.1,205.2,1400.4058,1403.391,2126.47,150,2126.4686
RiskVRP,V,200_1.0,3821.7,ILS-SP,3821.7,3823.8,76.2,3821.6844,3824.1159,786.4632,199,786.4622
RiskVRP,V,200_1.5,2739.3,ILS-SP,2742.2,2749.8,224.3,2757.1005,2760.2218,2296.4326,199,2202.622
RiskVRP,V,200_2.0,2217.1,ILS-SP,2218.5,2233.4,214.9,2225.0102,2238.1366,2209.5918,199,2209.591
RiskVRP,V,200_2.5,1912.7,ILS-SP,1927.4,1943.5,226.0,1917.6884,1926.1719,2314.087,199,2314.0854
RiskVRP,V,200_3.0,1709.6,ILS-SP,1715.4,1722.2,226.2,1719.1337,1723.5777,2316.3064,199,2316.3056
RiskVRP,V,22_1.0,782.5,ILS-SP,782.5,782.5,0.3,782.5049,782.5049,3.0284,21,0.0286
RiskVRP,V,22_1.5,578.2,ILS-SP,578.2,578.2,0.3,578.1885,578.1885,3.0174,21,0.0134
RiskVRP,V,22_2.0,496.7,ILS-SP,496.7,496.7,0.3,496.6764,496.6764,3.017,21,0.1766
RiskVRP,V,22_2.5,442.4,ILS-SP,442.4,442.4,0.3,442.4451,442.4451,3.0248,21,0.0294
RiskVRP,V,22_3.0,401.7,ILS-SP,401.7,401.7,0.3,401.6767,401.6767,3.2228,21,0.0412
RiskVRP,V,256_1.0,83956.1,ILS-SP,83956.1,83956.1,22.3,83956.1304,83956.1304,222.5434,255,178.0788
RiskVRP,V,256_1.5,58274.8,ILS-SP,58274.8,58274.8,53.7,59300.624,60036.7221,537.7564,255,537.7556
RiskVRP,V,256_2.0,39596.4,ILS-SP,39596.4,39596.5,46.9,40315.9981,42522.2552,469.5646,255,469.5636
RiskVRP,V,256_2.5,31101.4,ILS-SP,31101.4,31101.6,115.9,31274.0635,32278.4474,1185.5392,255,1185.5392
RiskVRP,V,256_3.0,25361.8,ILS-SP,25372.8,25384.4,243.0,25391.4081,25422.863,2482.8336,255,2482.8318
RiskVRP,V,26_1.0,872.4,ILS-SP,872.4,872.4,0.4,872.438,872.438,4.7184,25,0.1622
RiskVRP,V,26_1.5,680.8,ILS-SP,680.8,680.8,0.4,680.8477,680.8477,4.1226,25,0.209
RiskVRP,V,26_2.0,566.5,ILS-SP,566.5,566.5,0.4,566.4558,566.4558,4.1378,25,0.0066
RiskVRP,V,26_2.5,531.6,ILS-SP,531.6,532.5,0.4,531.5861,535.3985,4.2746,25,4.2746
RiskVRP,V,26_3.0,493.8,ILS-SP,493.8,494.4,0.4,493.7992,495.7131,4.2306,25,1.2152
RiskVRP,V,301_1.0,24087.0,ILS-SP,24107.8,24213.4,298.1,24230.9956,24314.0759,3040.5736,300,3040.572
RiskVRP,V,301_1.5,17517.0,ILS-SP,17586.4,17679.0,298.2,17591.431,17736.0124,3041.6286,300,3041.626
RiskVRP,V,301_2.0,14367.0,ILS-SP,14695.8,14863.8,302.9,14627.7541,14731.4891,3080.3662,300,1249.6472
RiskVRP,V,301_2.5,12598.2,ILS-SP,12610.5,12860.6,304.4,12729.98,12781.1161,3095.833,300,1140.4864
RiskVRP,V,301_3.0,11352.1,ILS-SP,11405.0,11548.5,299.4,11363.4404,11388.1115,3046.3114,300,965.6914
RiskVRP,V,30_1.0,656.0,ILS-SP,656.0,656.0,0.8,656.0295,656.0295,8.007,29,0.0124
RiskVRP,V,30_1.5,514.3,ILS-SP,514.3,514.3,0.7,514.3354,514.3354,6.9942,29,0.0154
RiskVRP,V,30_2.0,489.0,ILS-SP,489.0,489.0,0.7,488.9656,488.9656,7.216,29,0.4176
RiskVRP,V,30_2.5,477.7,ILS-SP,477.7,477.7,0.7,477.6598,477.6598,7.0304,29,0.0394
RiskVRP,V,30_3.0,477.7,ILS-SP,477.7,477.7,0.7,475.0,475.0,7.0226,29,0.013
RiskVRP,V,36_1.0,953.6,ILS-SP,953.6,953.6,0.7,953.5697,953.5697,7.0538,35,0.0642
RiskVRP,V,36_1.5,749.8,ILS-SP,749.8,749.8,0.8,749.8408,749.8408,8.2478,35,0.7914
RiskVRP,V,36_2.0,659.9,ILS-SP,660.2,660.2,0.9,659.8675,660.1503,9.639,35,1.7458
RiskVRP,V,36_2.5,584.9,ILS-SP,584.9,584.9,0.9,584.8576,584.8576,9.0996,35,0.1044
RiskVRP,V,36_3.0,547.6,ILS-SP,547.6,547.6,0.9,546.0,546.0,9.1142,35,2.2526
RiskVRP,V,45_1.0,891.8,ILS-SP,891.8,891.8,2.2,891.7933,891.7933,22.273,44,0.6098
RiskVRP,V,45_1.5,773.1,ILS-SP,774.5,776.0,1.8,773.1184,775.0494,18.5706,44,9.4774
RiskVRP,V,45_2.0,735.6,ILS-SP,735.6,735.6,1.8,735.5744,735.5744,18.2636,44,0.244
RiskVRP,V,45_2.5,727.2,ILS-SP,727.2,727.2,1.6,727.1733,727.1733,16.5262,44,2.825
RiskVRP,V,45_3.0,706.0,ILS-SP,705.9,706.7,1.6,705.9473,705.9473,16.0712,44,10.3906
RiskVRP,V,51_1.0,1442.0,ILS-SP,1442.0,1442.0,1.6,1442.0021,1442.0021,16.9256,50,4.332
RiskVRP,V,51_1.5,1083.6,ILS-SP,1083.6,1083.7,1.8,1083.6425,1083.6796,18.2794,50,18.2794
RiskVRP,V,51_2.0,904.3,ILS-SP,904.3,904.3,1.9,904.2817,904.2817,19.6476,50,8.2256
RiskVRP,V,51_2.5,790.0,ILS-SP,790.0,790.0,1.9,789.9523,789.9523,19.9206,50,9.826
RiskVRP,V,51_3.0,736.4,ILS-SP,736.4,737.2,2.0,736.4257,737.7289,20.737,50,20.7366
RiskVRP,V,72_1.0,339.4,ILS-SP,339.6,344.5,5.8,339.5554,346.0078,58.6908,71,56.5618
RiskVRP,V,72_1.5,290.6,ILS-SP,290.6,290.7,4.8,290.635,290.635,48.6938,71,16.085
RiskVRP,V,72_2.0,262.0,ILS-SP,262.0,262.0,4.8,262.0179,262.0179,48.4312,71,1.5096
RiskVRP,V,72_2.5,246.9,ILS-SP,246.9,249.1,4.5,246.9054,246.9054,45.9854,71,37.5584
RiskVRP,V,72_3.0,239.4,ILS-SP,239.4,239.4,4.8,239.4388,239.4388,53.3296,71,8.3664
MDVRP,P,P01,576.865,PyVRP,576.865,576.87,30.011,576.8657,576.8657,300.4082,50,2.6324
MDVRP,P,P02,473.533,PyVRP,473.533,473.53,30.012,473.5333,473.5333,300.4478,50,31.7754
MDVRP,P,P03,640.649,PyVRP,640.649,640.65,45.018,640.652,640.652,450.3368,75,450.3366
MDVRP,P,P04,999.213,PyVRP,999.213,999.21,60.025,999.2137,999.2137,601.222,100,601.2218
MDVRP,P,P05,750.022,PyVRP,750.022,750.02,60.022,750.0291,750.4075,601.0062,100,571.8122
MDVRP,P,P06,876.5,PyVRP,876.5,876.5,60.023,876.5001,876.5001,600.8668,100,596.0428
MDVRP,P,P07,883.91,PyVRP,883.91,885.13,60.022,881.9674,882.5428,601.3128,100,601.3124
MDVRP,P,P08,4342.041,PyVRP,4342.041,4349.05,149.474,4357.8718,4369.9948,1508.0756,249,1508.0746
MDVRP,P,P09,3859.529,PyVRP,3859.529,3867.93,149.478,3866.9502,3877.9168,1494.8188,249,1494.8178
MDVRP,P,P10,3631.109,PyVRP,3631.109,3632.88,149.489,3633.0097,3639.3409,1493.883,249,1493.8818
MDVRP,P,P11,3546.619,PyVRP,3546.619,3554.45,149.483,3546.887,3552.3726,1494.5488,249,1493.8552
MDVRP,P,P12,1318.95,PyVRP,1318.95,1318.95,48.015,1318.9549,1318.9549,479.8876,80,8.816
MDVRP,P,P15,2505.408,PyVRP,2505.408,2505.41,96.043,2505.4172,2505.4172,959.45,160,91.8116
MDVRP,P,P18,3702.834,PyVRP,3702.834,3702.83,144.082,3702.8472,3702.8472,1438.9812,240,912.6542
MDVRP,PR,PR01,861.315,PyVRP,861.315,861.32,28.81,861.3186,861.3186,289.0856,48,0.6994
MDVRP,PR,PR02,1275.396,PyVRP,1275.396,1275.4,57.622,1275.3974,1275.3974,575.8808,96,384.708
MDVRP,PR,PR03,1774.886,PyVRP,1774.886,1774.89,86.436,1774.8939,1775.0702,863.6756,144,772.9198
MDVRP,PR,PR04,2035.676,PyVRP,2035.676,2035.68,115.259,2035.6801,2036.6862,1151.3708,192,1151.3692
MDVRP,PR,PR05,2307.651,PyVRP,2307.651,2310.09,144.081,2312.9061,2314.7578,1442.2738,240,1442.273
MDVRP,PR,PR06,2635.034,PyVRP,2635.034,2638.08,172.902,2637.9601,2645.3813,1728.4308,288,1698.64
MDVRP,PR,PR07,1073.626,PyVRP,1073.626,1073.63,43.217,1073.6253,1073.6253,431.949,72,47.9104
MDVRP,PR,PR08,1644.101,PyVRP,1644.101,1644.1,86.438,1644.1031,1644.7585,863.655,144,863.6548
MDVRP,PR,PR09,2132.788,PyVRP,2132.788,2133.5,129.667,2136.4244,2140.8305,1295.443,216,1295.4422
MDVRP,PR,PR10,2750.85,PyVRP,2750.85,2754.26,172.903,2752.5746,2762.2501,1727.174,288,1727.1712
HFVRP,FSMD,brandaoN1fsmd,2211.63,AILS,2217.9,2221.74,114.64,2211.6269,2213.726,1148.3006,150,1148.2998
HFVRP,FSMD,brandaoN2fsmd,2811.37,AILS,2812.28,2821.6,89.5,2814.0668,2816.2387,900.637,199,900.6362
HFVRP,FSMD,brandaoN3fsmd,2234.57,AILS,2234.57,2234.77,59.41,2234.5708,2235.002,593.8612,120,593.8606
HFVRP,FSMD,brandaoN4fsmd,1822.78,AILS,1822.78,1822.78,7.25,1822.7789,1822.8852,91.0466,100,90.839
HFVRP,FSMD,brandaoN5fsmd,2016.79,AILS,2016.79,2016.8,73.62,2021.11,2021.1525,739.4628,134,739.328
HFVRP,FSMD,c100_19fsmd,1105.44,AILS,1105.44,1105.44,31.56,1105.4392,1106.4729,328.1756,100,328.1574
HFVRP,FSMD,c100_20fsmd,1530.43,AILS,1530.52,1530.52,50.35,1531.8317,1532.4613,516.1812,100,516.1804
HFVRP,FSMD,c50_13fsmd,1491.86,AILS,1491.86,1493.42,23.81,1491.8599,1491.8599,245.8946,50,122.7376
HFVRP,FSMD,c50_14fsmd,603.21,AILS,603.21,603.21,24.54,603.2129,603.2129,245.6106,50,8.6338
HFVRP,FSMD,c50_15fsmd,999.82,AILS,999.82,1000.16,31.58,999.8236,999.8236,328.479,50,184.7972
HFVRP,FSMD,c50_16fsmd,1131.0,AILS,1131.0,1132.84,28.51,1131.0008,1131.0008,294.4492,50,54.1696
HFVRP,FSMD,c75_17fsmd,1038.6,AILS,1038.6,1038.6,0.91,1039.1525,1047.7202,9.1964,75,8.3222
HFVRP,FSMD,c75_18fsmd,1800.8,AILS,1800.8,1800.8,59.23,1800.8016,1800.9208,592.0658,75,405.361
HFVRP,FSMF,c100_19fsmf,8661.81,AILS,8661.81,8662.73,35.48,8665.2314,8668.47,414.6648,100,318.608
HFVRP,FSMF,c100_20fsmf,4029.61,AILS,4029.61,4031.78,34.08,4037.8992,4041.0321,355.4356,100,355.4326
HFVRP,FSMF,c50_13fsmf,2406.36,AILS,2406.36,2406.36,27.31,2406.3607,2406.7325,276.2464,50,276.2464
HFVRP,FSMF,c50_14fsmf,9119.03,AILS,9119.03,9119.03,24.84,9119.0319,9120.3906,324.849,50,300.2338
HFVRP,FSMF,c50_15fsmf,2586.37,AILS,2586.37,2586.42,8.64,2586.3695,2586.3695,112.2418,50,87.336
HFVRP,FSMF,c50_16fsmf,2720.43,AILS,2720.43,2720.43,18.77,2720.4332,2725.278,192.6638,50,192.6238
HFVRP,FSMF,c75_17fsmf,1734.53,AILS,1734.53,1734.69,32.62,1736.6533,1741.5629,366.075,75,366.0746
HFVRP,FSMF,c75_18fsmf,2369.65,AILS,2369.65,2375.95,38.18,2369.6464,2370.4427,384.8912,75,384.891
HFVRP,FSMFD,c100_19fsmfd,8661.81,AILS,8661.82,8663.26,40.72,8662.8562,8666.4641,467.8084,100,423.2342
HFVRP,FSMFD,c100_20fsmfd,4153.02,AILS,4153.02,4153.12,25.42,4153.0176,4154.6519,314.2264,100,314.2262
HFVRP,FSMFD,c50_13fsmfd,2964.65,AILS,2964.65,2964.83,16.6,2964.6452,2964.6452,166.6684,50,12.745
HFVRP,FSMFD,c50_14fsmfd,9126.9,AILS,9126.9,9126.9,0.97,9133.6379,9339.3518,10.0736,50,10.0734
HFVRP,FSMFD,c50_15fsmfd,2634.96,AILS,2634.96,2634.96,21.4,2634.9634,2634.9634,214.8076,50,158.6056
HFVRP,FSMFD,c50_16fsmfd,3168.92,AILS,3168.92,3168.94,25.52,3168.9154,3168.9154,289.8606,50,289.8604
HFVRP,FSMFD,c75_17fsmfd,2004.48,AILS,2004.48,2004.48,24.72,2004.4814,2007.6907,251.5306,75,251.5306
HFVRP,FSMFD,c75_18fsmfd,3147.99,AILS,3148.56,3151.4,45.59,3147.9878,3147.9878,455.6702,75,455.67
