instance,seed,cost,time,pool
c0530,1,636.06059,6.347559786,392
c0530,2,636.0605899999999,2.558543534,377
c0530,3,636.06059,2.813579186,467
c0530,4,636.0605899999999,2.899503077,443
c0530,5,636.06059,2.664592727,443
c0530,6,636.0605899999999,3.011554704,474
c0530,7,636.0605899999999,2.693511708,360
c0530,8,636.06059,2.531249015,420
c0530,9,636.06059,2.946289821,493
c0530,10,636.0605899999999,2.79540785,392
c0531,1,697.835518,3.003144394,496
c0531,2,697.835518,2.667729159,443
c0531,3,697.835518,2.563943284,392
c0531,4,697.835518,2.548375682,323
c0531,5,697.835518,2.734153404,359
c0531,6,697.835518,2.664602155,534
c0531,7,697.8355179999999,2.979629258,571
c0531,8,697.835518,2.786674702,467
c0531,9,697.835518,2.761522446,444
c0531,10,697.835518,2.912133331,490
c0532,1,659.335981,2.801127301,292
c0532,2,659.335981,3.157484684,332
c0532,3,659.335981,2.881385377,364
c0532,4,659.335981,2.872425703,334
c0532,5,659.335981,2.649664297,322
c0532,6,659.335981,2.785028929,280
c0532,7,659.335981,2.684558739,270
c0532,8,659.335981,2.908881409,328
c0532,9,659.335981,2.790671148,292
c0532,10,659.335981,2.69176082,304
c0533,1,680.604414,2.847627908,478
c0533,2,680.041387,3.230336324,422
c0533,3,680.041387,3.363223694,426
c0533,4,680.6044139999999,3.229688941,410
c0533,5,680.604414,2.722704324,504
c0533,6,680.041387,2.497159335,397
c0533,7,680.041387,2.742416293,500
c0533,8,680.041387,3.089801383,449
c0533,9,680.604414,2.768486499,400
c0533,10,680.041387,2.987203326,480
c0534,1,690.499806,2.605139804,234
c0534,2,690.499806,2.421390271,204
c0534,3,690.499806,2.413561492,216
c0534,4,690.499806,2.607168012,196
c0534,5,690.499806,2.457569829,193
c0534,6,690.499806,3.118500263,338
c0534,7,690.499806,2.812448574,216
c0534,8,690.499806,2.479869169,199
c0534,9,690.499806,2.899579435,236
c0534,10,690.499806,2.679546804,212
c0535,1,659.9046989999999,3.076391293,399
c0535,2,659.9046989999999,2.921481067,427
c0535,3,659.9046989999999,2.980395664,453
c0535,4,659.9046989999999,3.06549747,515
c0535,5,661.069848,2.77666924,361
c0535,6,661.069848,2.887951671,481
c0535,7,659.9046989999999,2.823790521,447
c0535,8,661.069848,2.81777288,455
c0535,9,659.9046989999999,2.823933338,524
c0535,10,661.069848,2.771745045,440
c0536,1,651.087147,2.800800319,495
c0536,2,651.087147,2.452724974,358
c0536,3,651.087147,2.609983532,398
c0536,4,651.087147,2.838282237,517
c0536,5,651.087147,2.679339715,427
c0536,6,652.9418109999999,2.701061198,294
c0536,7,651.087147,2.724402362,358
c0536,8,651.087147,2.666819671,437
c0536,9,651.087147,2.950105864,474
c0536,10,651.087147,2.973131948,559
c0537,1,660.7786150000001,3.245361365,540
c0537,2,666.1475290000001,3.287644222,479
c0537,3,659.1662650000001,4.26038534,570
c0537,4,659.166265,3.10924958,491
c0537,5,660.778615,3.352814604,487
c0537,6,659.166265,3.502572228,531
c0537,7,666.147529,3.470817154,513
c0537,8,666.1475290000001,3.713416549,523
c0537,9,659.166265,3.701130053,578
c0537,10,664.849201,3.477781782,492
c0538,1,719.4747669999999,2.656877367,369
c0538,2,719.4747669999999,2.993603881,482
c0538,3,719.474767,2.864515677,455
c0538,4,719.474767,3.361545614,581
c0538,5,719.4747670000002,3.012506274,438
c0538,6,719.4747669999999,2.587659091,301
c0538,7,719.474767,2.767741016,324
c0538,8,719.4747669999999,3.379050155,497
c0538,9,719.474767,2.721597899,379
c0538,10,719.474767,2.787639803,378
c0539,1,680.99673,3.234769071,423
c0539,2,680.99673,3.628841731,372
c0539,3,680.9967300000001,3.277616841,461
c0539,4,680.9967300000001,2.916700525,446
c0539,5,680.99673,3.806310132,495
c0539,6,680.9967300000001,3.339193192,517
c0539,7,680.9967300000001,3.460254524,436
c0539,8,680.9967300000001,3.479144114,396
c0539,9,680.9967300000001,3.894726533,490
c0539,10,680.9967300000001,3.564199281,472
c0580,1,961.496394,3.123669914,483
c0580,2,961.496394,3.263648555,527
c0580,3,961.496394,3.042835012,506
c0580,4,961.496394,3.237601699,479
c0580,5,961.4963939999999,2.867338452,444
c0580,6,961.496394,2.748254538,420
c0580,7,961.496394,3.128907956,476
c0580,8,961.496394,3.262484606,534
c0580,9,961.496394,3.73895948,533
c0580,10,961.496394,3.133653349,519
c0581,1,1049.654407,4.948596774,1030
c0581,2,1049.654407,4.316832261,939
c0581,3,1049.654407,6.349372236,1070
c0581,4,1049.654407,4.93888276,993
c0581,5,1049.654407,4.038092263,875
c0581,6,1049.654407,5.034350848,1051
c0581,7,1049.654407,4.265705691,940
c0581,8,1049.654407,3.924541662,882
c0581,9,1049.654407,3.901902007,911
c0581,10,1049.654407,5.053059149,1037
c0582,1,1050.373319,3.683505329,571
c0582,2,1050.169674,3.589693034,527
c0582,3,1042.245336,3.446392735,565
c0582,4,1050.169674,3.788671584,564
c0582,5,1050.3733190000003,3.371964934,614
c0582,6,1039.707544,3.475791585,540
c0582,7,1044.955492,3.560041652,541
c0582,8,1043.3960260000001,3.375967381,559
c0582,9,1044.9776889999998,3.635037552,560
c0582,10,1039.7075439999999,3.355872346,565
c0583,1,983.339056,3.434753528,763
c0583,2,983.339056,3.662360341,823
c0583,3,983.339056,3.775968877,768
c0583,4,983.339056,3.430358516,696
c0583,5,983.339056,3.440347001,779
c0583,6,983.339056,3.436980455,740
c0583,7,983.339056,3.422078292,787
c0583,8,983.339056,3.902303877,798
c0583,9,983.339056,3.22777256,680
c0583,10,983.339056,3.475856301,736
c0584,1,1065.494449,4.080082808,485
c0584,2,1065.494449,4.04437974,540
c0584,3,1065.494449,4.113505632,624
c0584,4,1065.4944489999998,4.981855236,647
c0584,5,1065.494449,4.064884947,626
c0584,6,1065.494449,4.655614988,631
c0584,7,1065.494449,3.546999933,550
c0584,8,1065.4944489999998,3.677127227,573
c0584,9,1065.494449,3.881354232,614
c0584,10,1065.494449,4.081612849,637
c0585,1,1027.0835630000001,4.522587755,891
c0585,2,1027.0835630000001,4.884665231,954
c0585,3,1027.0835630000001,5.340769093,985
c0585,4,1027.0835630000001,5.686742465,1149
c0585,5,1027.083563,5.99604139,1055
c0585,6,1027.0835630000001,5.529913797,924
c0585,7,1027.0835630000001,4.819606107,933
c0585,8,1027.083563,5.364639046,1116
c0585,9,1027.0835630000001,4.844219912,944
c0585,10,1027.0835630000001,5.019196657,979
c0586,1,971.821518,3.574216873,665
c0586,2,971.821518,3.576806419,739
c0586,3,971.821518,3.853547818,784
c0586,4,971.821518,3.542962333,653
c0586,5,971.8215180000001,4.414862215,743
c0586,6,971.821518,3.964846497,734
c0586,7,971.8215180000001,4.279100943,720
c0586,8,971.821518,3.9736232,716
c0586,9,971.821518,3.611506703,655
c0586,10,971.8215180000001,4.160594542,788
c0587,1,1051.2815420000002,4.434994541,701
c0587,2,1051.281542,4.465706919,725
c0587,3,1051.2815420000002,4.954419733,803
c0587,4,1051.281542,4.385191137,669
c0587,5,1051.281542,4.600502285,678
c0587,6,1060.732496,5.292671511,741
c0587,7,1055.541327,4.57938875,670
c0587,8,1052.174336,4.686952481,670
c0587,9,1051.281542,4.863867173,686
c0587,10,1052.5991159999999,6.732983487,737
c0588,1,1071.18118,3.6252063,608
c0588,2,1071.18118,4.220197907,724
c0588,3,1071.18118,3.422817219,565
c0588,4,1071.18118,3.119182563,560
c0588,5,1071.18118,3.241868575,568
c0588,6,1071.18118,3.244452826,533
c0588,7,1071.18118,3.880419947,713
c0588,8,1071.18118,3.340353063,570
c0588,9,1071.18118,3.236942068,576
c0588,10,1071.18118,3.546688676,630
c0589,1,1060.500165,4.104151938,707
c0589,2,1060.500165,4.439921289,751
c0589,3,1060.500165,3.805059027,664
c0589,4,1060.500165,4.34247515,773
c0589,5,1060.500165,4.279477641,682
c0589,6,1060.500165,4.311204506,741
c0589,7,1060.500165,3.811628801,684
c0589,8,1060.500165,4.168332018,654
c0589,9,1060.500165,4.010535678,673
c0589,10,1060.500165,4.075214561,652
cc0530,1,617.9777060000001,3.440527198,551
cc0530,2,617.977706,4.103487037,682
cc0530,3,616.520361,3.33360411,655
cc0530,4,616.5203610000001,3.791731907,674
cc0530,5,616.520361,3.8112024,624
cc0530,6,616.5203610000001,3.96760255,626
cc0530,7,616.5203609999999,3.454309634,559
cc0530,8,616.5203610000001,4.109201807,599
cc0530,9,616.520361,3.854302095,587
cc0530,10,616.5203610000001,3.924614504,780
cc0531,1,554.4710709999999,3.322626923,556
cc0531,2,554.4710709999999,3.2089429,643
cc0531,3,554.4710709999999,3.530068768,558
cc0531,4,554.4710709999999,3.482740412,593
cc0531,5,554.4710709999999,3.298279145,509
cc0531,6,554.4710709999999,3.219488839,634
cc0531,7,554.4710709999999,3.247626067,610
cc0531,8,554.4710709999999,3.343630102,562
cc0531,9,554.4710709999999,3.357896295,622
cc0531,10,554.4710709999999,3.351752695,548
cc0532,1,521.38055,4.159193586,765
cc0532,2,521.3604879999999,3.740044317,699
cc0532,3,519.610739,4.20993335,950
cc0532,4,521.38055,4.823121074,905
cc0532,5,521.38055,4.199363399,770
cc0532,6,519.1107010000001,3.616053947,573
cc0532,7,518.004694,3.599886802,794
cc0532,8,521.38055,3.690284048,685
cc0532,9,521.38055,3.508142962,752
cc0532,10,521.38055,3.703674362,608
cc0533,1,591.188884,3.003049852,366
cc0533,2,591.188884,3.421421611,479
cc0533,3,591.188884,3.359606556,405
cc0533,4,591.1888839999999,2.964609699,353
cc0533,5,591.1888839999999,3.603318295,392
cc0533,6,591.188884,3.032311494,338
cc0533,7,591.188884,3.174659947,433
cc0533,8,591.188884,3.247855098,333
cc0533,9,591.1888839999999,3.065646919,352
cc0533,10,591.188884,3.208968936,333
cc0534,1,588.793827,3.060933064,322
cc0534,2,588.7938270000001,2.989251053,432
cc0534,3,588.793827,3.154666415,422
cc0534,4,588.793827,3.161813751,484
cc0534,5,588.7938270000001,3.000793723,403
cc0534,6,588.793827,3.0639606,384
cc0534,7,588.7938270000001,2.818085313,368
cc0534,8,588.793827,3.23256542,415
cc0534,9,588.793827,2.998579704,460
cc0534,10,588.793827,2.920726405,503
cc0535,1,563.6967440000001,3.368344158,479
cc0535,2,563.6967440000001,3.222022163,409
cc0535,3,563.6967440000001,3.298782839,414
cc0535,4,563.696744,3.115917061,347
cc0535,5,563.6967440000001,3.268261774,451
cc0535,6,563.696744,3.404597811,404
cc0535,7,563.696744,3.173435931,441
cc0535,8,563.6967440000001,3.33326211,344
cc0535,9,563.696744,3.176219168,379
cc0535,10,563.696744,3.193497366,434
cc0536,1,501.5329,3.616632998,671
cc0536,2,499.05151900000004,3.431635545,734
cc0536,3,499.0515190000001,3.570701348,755
cc0536,4,499.05151900000004,3.804138753,996
cc0536,5,499.05151900000004,3.585718981,682
cc0536,6,501.87478699999997,3.450117102,807
cc0536,7,501.5329,3.757048772,746
cc0536,8,499.0515190000001,3.729286741,842
cc0536,9,500.370997,3.760602498,734
cc0536,10,499.05151900000004,3.275951952,642
cc0537,1,576.481206,3.055591361,557
cc0537,2,576.481206,3.241512697,543
cc0537,3,576.481206,2.910733391,526
cc0537,4,579.879015,3.122744318,575
cc0537,5,577.5422709999999,2.945024242,478
cc0537,6,579.879015,3.584632957,643
cc0537,7,576.481206,3.249798,530
cc0537,8,576.481206,2.989062682,554
cc0537,9,579.879015,3.280440731,547
cc0537,10,576.481206,3.019983113,456
cc0538,1,523.0500020000001,3.588753489,502
cc0538,2,523.0500020000001,3.830488086,514
cc0538,3,523.0500020000001,3.738446081,537
cc0538,4,523.0500020000001,3.994511189,504
cc0538,5,523.0500020000001,3.823206538,489
cc0538,6,523.0500020000002,4.132630672,545
cc0538,7,523.050002,3.780102807,486
cc0538,8,523.0500020000001,3.815562751,471
cc0538,9,523.0500020000001,3.585531734,520
cc0538,10,523.0500020000001,4.10843835,581
cc0539,1,578.245271,2.91829852,524
cc0539,2,578.2452709999999,2.997586785,530
cc0539,3,578.3070889999999,3.321730511,625
cc0539,4,578.245271,2.86510793,526
cc0539,5,578.245271,3.455466659,521
cc0539,6,578.245271,3.104146728,576
cc0539,7,578.245271,3.018197961,566
cc0539,8,578.245271,3.375739244,682
cc0539,9,578.2452709999999,3.236884895,624
cc0539,10,578.2452709999999,3.351325175,618
cc0580,1,857.1730869999999,4.214026709,821
cc0580,2,857.1730869999999,5.54193519,1115
cc0580,3,857.173087,4.991593541,949
cc0580,4,857.1730869999999,4.296676667,808
cc0580,5,857.173087,5.308128648,993
cc0580,6,857.1730869999999,5.021051944,995
cc0580,7,857.1730869999999,4.322187084,860
cc0580,8,857.1730869999999,5.547772169,1040
cc0580,9,857.1730869999999,4.198637406,836
cc0580,10,857.1730869999999,4.895139328,954
cc0581,1,740.853987,3.941569431,729
cc0581,2,740.853987,3.674588537,693
cc0581,3,740.853987,3.816257897,706
cc0581,4,740.8539869999998,4.951000256,712
cc0581,5,740.853987,3.579755893,763
cc0581,6,740.8539870000001,3.763431443,746
cc0581,7,740.853987,3.64259124,752
cc0581,8,740.853987,3.587368258,742
cc0581,9,740.853987,3.723265403,730
cc0581,10,740.853987,3.823627333,755
cc0582,1,712.88833,4.243410496,725
cc0582,2,712.88833,4.292681065,763
cc0582,3,712.889547,4.233429253,781
cc0582,4,712.88833,4.137954303,766
cc0582,5,712.88833,4.215505226,732
cc0582,6,712.88833,4.297596009,798
cc0582,7,712.8883299999999,4.089073208,723
cc0582,8,712.88833,4.370367506,726
cc0582,9,712.88833,4.040149907,755
cc0582,10,712.88833,4.264675896,783
cc0583,1,811.067033,5.628520339,781
cc0583,2,811.067033,4.210532296,704
cc0583,3,811.067033,5.922783877,818
cc0583,4,811.0670329999999,5.268924545,774
cc0583,5,811.067033,3.988818633,608
cc0583,6,811.067033,6.266150823,836
cc0583,7,811.067033,7.117543415,899
cc0583,8,811.067033,4.76336694,694
cc0583,9,811.067033,4.687675196,792
cc0583,10,811.067033,4.151415509,619
cc0584,1,772.253292,4.275675466,686
cc0584,2,772.2532920000001,4.419694962,741
cc0584,3,772.2532920000001,3.927652174,738
cc0584,4,772.2532920000001,4.255516772,778
cc0584,5,772.2532920000001,3.894604321,714
cc0584,6,772.253292,4.802357962,792
cc0584,7,772.2532920000001,3.789309575,633
cc0584,8,772.2532920000001,4.014300613,766
cc0584,9,772.2532920000001,3.957242159,688
cc0584,10,772.2532920000001,4.161191066,713
cc0585,1,754.88093,4.580413189,802
cc0585,2,754.88093,5.370523844,802
cc0585,3,754.88093,5.564397004,897
cc0585,4,754.8809299999973,5.387120356,813
cc0585,5,754.88093,6.440886543,912
cc0585,6,754.88093,4.430307464,714
cc0585,7,756.9056059999999,4.802194111,760
cc0585,8,754.88093,5.66032991,754
cc0585,9,754.88093,6.054843227,942
cc0585,10,754.88093,4.950626247,802
cc0586,1,678.91969,4.905550947,1440
cc0586,2,678.992105,4.775080341,1512
cc0586,3,678.91969,4.781074896,1358
cc0586,4,678.91969,4.42515288,1427
cc0586,5,678.91969,4.39491455,1390
cc0586,6,678.91969,4.52299638,1405
cc0586,7,678.91969,4.436545594,1383
cc0586,8,678.91969,5.489183022,1431
cc0586,9,678.992105,5.073105589,1500
cc0586,10,678.91969,5.07738322,1404
cc0587,1,811.955815,5.74918006,758
cc0587,2,811.955815,4.174433773,639
cc0587,3,811.955815,4.973882076,681
cc0587,4,814.496173,4.849855214,625
cc0587,5,811.955815,6.346735024,787
cc0587,6,811.955815,6.352387083,838
cc0587,7,811.9558149999999,4.524719115,589
cc0587,8,811.9558149999999,5.317318823,720
cc0587,9,811.9558149999999,4.345778876,564
cc0587,10,811.955815,3.77060865,545
cc0588,1,767.525978,3.995601826,862
cc0588,2,767.5259779999999,3.793566661,850
cc0588,3,767.525978,3.876351861,799
cc0588,4,767.525978,3.86547693,847
cc0588,5,767.5259779999999,3.983275951,787
cc0588,6,767.5259780000001,3.972469176,892
cc0588,7,767.5259779999999,4.137907649,791
cc0588,8,767.5259780000001,4.025162651,831
cc0588,9,767.5259780000001,3.870329381,841
cc0588,10,767.5259779999999,3.916638436,794
cc0589,1,809.004361,4.385190422,908
cc0589,2,809.004361,4.235028078,839
cc0589,3,809.020201,4.327216523,833
cc0589,4,809.004361,4.388678196,886
cc0589,5,809.004361,4.331873789,873
cc0589,6,809.0043609999999,4.430722848,923
cc0589,7,809.004361,4.560130433,862
cc0589,8,809.004361,4.520074678,895
cc0589,9,809.004361,4.462268941,926
cc0589,10,809.004361,4.374609185,948
C1_2_1,1,3660.2060999999994,132.039599302,8037
C1_2_1,2,3654.5147899999993,100.693010539,7083
C1_2_1,3,3659.9404199999994,120.441849471,8027
C1_2_1,4,3659.3782899999997,144.228492947,8908
C1_2_1,5,3668.24038,130.390077633,8523
C1_2_1,6,3658.6868799999997,159.114844721,8421
C1_2_1,7,3662.8346899999997,124.082333957,7328
C1_2_1,8,3653.89761,106.766664183,6628
C1_2_1,9,3654.9979399999997,91.240257556,5025
C1_2_1,10,3661.5021499999993,110.296285529,7366
C1_4_1,1,11299.587709998239,363.389044595,12998
C1_4_1,2,11287.554739999183,563.692002743,21166
C1_4_1,3,11231.963469997645,389.516278987,15058
C1_4_1,4,11264.603689997793,602.640317636,19446
C1_4_1,5,11289.534169999391,811.669958256,26393
C1_4_1,6,11222.34859,720.146570549,23670
C1_4_1,7,11231.73079999852,285.568530666,11982
C1_4_1,8,11328.34569999874,565.664584319,19329
C1_4_1,9,11196.820949997727,374.599099554,14666
C1_4_1,10,11192.417529997536,309.597174818,13445
C2_2_1,1,1738.34874,76.357652124,3147
C2_2_1,2,1733.9640299998773,59.145165618,3166
C2_2_1,3,1727.7733199999998,52.011710951,2982
C2_2_1,4,1732.088040000001,57.035842593,2961
C2_2_1,5,1727.773320000017,50.049396567,2564
C2_2_1,6,1727.7733199999898,94.456365171,3988
C2_2_1,7,1728.5418599999998,74.094581116,3112
C2_2_1,8,1734.7567099999997,51.619888606,2688
C2_2_1,9,1731.45339,52.287351667,2832
C2_2_1,10,1736.9832099999999,60.085873636,2835
C2_4_1,1,3615.624259999987,286.863778244,7857
C2_4_1,2,3606.4065899999996,247.709956365,7205
C2_4_1,3,3577.465270000001,227.051360752,7790
C2_4_1,4,3598.92581,212.860854793,6242
C2_4_1,5,3631.664580000001,236.165695983,7052
C2_4_1,6,3587.17148,201.967841004,5907
C2_4_1,7,3593.0571400000003,243.415521776,7470
C2_4_1,8,3632.87954,312.390335021,7445
C2_4_1,9,3561.5594499999997,181.054357776,6174
C2_4_1,10,3623.0292099999997,384.63905325,9137
R1_2_1,1,3373.41532,101.768014034,7605
R1_2_1,2,3401.1096900000002,100.725946453,8698
R1_2_1,3,3375.8265799999967,84.710811944,7075
R1_2_1,4,3394.0863099999997,89.531732162,6873
R1_2_1,5,3375.6372100000003,88.220961317,6598
R1_2_1,6,3379.91014,91.94187092,6885
R1_2_1,7,3377.08,56.651232853,5876
R1_2_1,8,3387.98724,119.749426619,10440
R1_2_1,9,3376.79623,58.748902643,5780
R1_2_1,10,3380.47381,108.091646569,8213
R1_4_1,1,9707.022820000002,314.091385454,16426
R1_4_1,2,9621.50108,344.189904623,16715
R1_4_1,3,9718.69094,244.954245022,12229
R1_4_1,4,9776.06668,769.451609417,28879
R1_4_1,5,9664.706320000001,281.464827163,15536
R1_4_1,6,9684.323919999999,390.063562455,20056
R1_4_1,7,9754.88753,326.066917119,16376
R1_4_1,8,9700.6439,291.562029495,15070
R1_4_1,9,9669.59677,328.026248008,16565
R1_4_1,10,9660.52321,287.037004314,14306
R2_2_1,1,1693.34737,46.471242614,1447
R2_2_1,2,1692.37763,41.417625418,1410
R2_2_1,3,1679.8134,41.268834888,1635
R2_2_1,4,1699.87376,50.959078483,2382
R2_2_1,5,1712.4657899999997,44.391861717,1690
R2_2_1,6,1707.17139,44.07753703,1652
R2_2_1,7,1683.12186,42.138699285,1190
R2_2_1,8,1707.60585,44.267292281,1507
R2_2_1,9,1695.4037700000001,38.54855741,1125
R2_2_1,10,1667.95065,38.107784119,1204
R2_4_1,1,3625.80763,167.104539067,3085
R2_4_1,2,3642.4217999999883,182.650325274,2795
R2_4_1,3,3646.7719899999997,195.375940839,3467
R2_4_1,4,3654.71505,318.57065891,4490
R2_4_1,5,3664.331119999998,338.225755051,5106
R2_4_1,6,3675.9924100000003,251.972563248,3896
R2_4_1,7,3610.02002,164.155236962,3177
R2_4_1,8,3622.7565999999997,188.399091033,3387
R2_4_1,9,3640.1998699999995,218.490115994,4238
R2_4_1,10,3637.399479999999,189.635353537,2868
RC1_2_1,1,3327.4780299999998,131.802054757,9484
RC1_2_1,2,3325.4411999999998,95.556185737,6719
RC1_2_1,3,3322.0862399999996,151.69611682,12184
RC1_2_1,4,3347.94467,132.932409697,10430
RC1_2_1,5,3322.6905100000004,126.352246981,8901
RC1_2_1,6,3330.42216,141.635721508,9682
RC1_2_1,7,3319.7204699999998,98.573130458,7188
RC1_2_1,8,3323.38631,151.049309519,9837
RC1_2_1,9,3328.03714,140.670973761,11451
RC1_2_1,10,3342.0195399999993,124.869516642,9483
RC1_4_1,1,9771.43976,690.76507011,27910
RC1_4_1,2,9721.124439999137,331.448569316,16041
RC1_4_1,3,9752.63741,505.49128881,20557
RC1_4_1,4,9745.160189998962,400.57875258,18678
RC1_4_1,5,9694.85910999877,284.236223734,14381
RC1_4_1,6,9793.728259999049,496.913070426,22555
RC1_4_1,7,9771.075759999336,610.033545624,24439
RC1_4_1,8,9752.62761,719.920730488,27182
RC1_4_1,9,9675.57132,523.228112189,23586
RC1_4_1,10,9757.301169999999,335.844929506,15262
RC2_2_1,1,1569.39178,74.577302362,2311
RC2_2_1,2,1580.1974400000001,47.172841577,2186
RC2_2_1,3,1567.2243899999999,96.701999747,2737
RC2_2_1,4,1577.01964,45.208616924,1580
RC2_2_1,5,1575.32199,46.7230085,1871
RC2_2_1,6,1572.0523200000002,45.640025809,2000
RC2_2_1,7,1593.39538,45.259963718,2006
RC2_2_1,8,1577.4185400000001,51.618200337,2346
RC2_2_1,9,1564.45216,45.639865125,1855
RC2_2_1,10,1570.306239999999,41.129981878,1872
RC2_4_1,1,3498.7198000000035,228.672598451,4523
RC2_4_1,2,3532.6875699999996,236.98246936,5523
RC2_4_1,3,3517.1470900000077,268.826530835,4391
RC2_4_1,4,3512.23806,192.055573142,3589
RC2_4_1,5,3470.291940000002,199.195042084,4074
RC2_4_1,6,3519.1930700000003,241.69445781,5156
RC2_4_1,7,3508.65556,198.073643516,3310
RC2_4_1,8,3517.2882499999996,201.478492168,3633
RC2_4_1,9,3484.45905,192.205365041,3903
RC2_4_1,10,3494.438779999992,256.431853161,3600
c101,1,1220.99069,16.435002861,2373
c101,2,1220.9906899999999,14.968610806,1989
c101,3,1220.18329,20.911713519,2832
c101,4,1221.65734,16.009738421,2307
c101,5,1220.99069,15.226852468,2344
c101,6,1220.9906899999999,16.788302515,2248
c101,7,1221.69373,15.502340094,2216
c101,8,1220.99069,18.307240826,2659
c101,9,1220.9906899999999,16.509445359,2392
c101,10,1220.99069,15.952241529,2127
c201,1,662.06666,11.144981624,954
c201,2,662.06666,10.146445406,744
c201,3,662.0666600000001,13.802713942,1153
c201,4,662.06666,15.583565307,1374
c201,5,662.06666,10.679216874,912
c201,6,662.06666,13.268049328,1256
c201,7,662.06666,11.744439242,974
c201,8,662.0666600000001,10.791280252,1057
c201,9,662.06666,11.896946707,961
c201,10,662.0666600000001,10.717639735,857
r101,1,1012.4524400000003,14.529808261,2877
r101,2,1013.4974299999999,12.659211539,3178
r101,3,1009.9522199999999,12.092135817,2968
r101,4,1013.96134,13.648142291,3465
r101,5,1010.77154,12.377944538,2929
r101,6,1016.29018,14.394513678,3103
r101,7,1012.37139,12.736001859,3203
r101,8,1009.9522199999999,15.065149787,3551
r101,9,1012.4524399999999,12.960846326,2895
r101,10,1011.37331,12.227397481,3280
r201,1,667.7057300000001,10.452672032,1182
r201,2,666.20413,10.094090161,1073
r201,3,669.5818100000001,10.386994233,1424
r201,4,666.20413,9.492159229,1182
r201,5,671.0042800000001,10.399435755,1269
r201,6,670.5591499999999,10.416705807,1293
r201,7,666.2584699999998,10.226425395,1363
r201,8,666.2041299999999,9.400784872,1072
r201,9,666.2041299999999,10.31327949,1275
r201,10,666.2041299999999,9.164866231,1040
rc101,1,1059.32238,11.138946644,2126
rc101,2,1059.3223799999998,11.911578962,2160
rc101,3,1059.74614,13.074040975,2360
rc101,4,1059.32238,12.646724535,2469
rc101,5,1059.32238,21.802019962,3547
rc101,6,1059.32238,15.702754965,2736
rc101,7,1059.32238,14.466902836,2654
rc101,8,1059.32238,11.715446451,1965
rc101,9,1059.32238,12.005733743,2182
rc101,10,1059.32238,12.395701273,2128
rc201,1,672.9217299999999,9.349429423,1017
rc201,2,672.9217299999999,9.282867371,1138
rc201,3,672.92173,9.379271794,910
rc201,4,672.9217299999999,9.570154152,864
rc201,5,672.9217299999999,9.71638012,1092
rc201,6,672.9217299999999,9.883889376,1103
rc201,7,673.8305499999999,9.299317102,923
rc201,8,672.9217299999999,9.284598253,876
rc201,9,672.9217299999998,9.082764036,903
rc201,10,672.9217299999999,9.449099133,993
sn11x,1,861.6172459999999,45.320915251,3743
sn11x,2,853.8860619999996,49.093076766,4100
sn11x,3,852.7700449999998,33.863199613,3524
sn11x,4,839.133228,30.259234699,3498
sn11x,5,853.6429659999997,30.763451298,2888
sn11x,6,850.8350719999999,83.238988237,4454
sn11x,7,849.4283859999999,69.241884858,4452
sn11x,8,858.865100999999,51.746170808,4300
sn11x,9,847.1466129999998,29.689778827,3008
sn11x,10,867.1379879999996,29.624685736,2396
sn11y,1,849.527216,32.717775294,3477
sn11y,2,848.9643460000053,28.106717396,2749
sn11y,3,850.1196189999998,27.715137003,2952
sn11y,4,845.7185249999998,29.71903003,2811
sn11y,5,847.450608,30.78059718,2797
sn11y,6,847.6260259999968,27.890801448,3292
sn11y,7,840.267002,28.946978951,3060
sn11y,8,847.6437149999999,26.519699256,2782
sn11y,9,847.354664,30.200244003,2988
sn11y,10,849.830557,29.302319295,2962
sn12x,1,664.073267,9.60925209,1337
sn12x,2,663.9441019999999,9.400713523,1158
sn12x,3,679.369445,11.471868691,1207
sn12x,4,683.735527,9.598321251,914
sn12x,5,681.575698,11.662080782,1289
sn12x,6,680.146567,9.654061372,1024
sn12x,7,680.866434,15.211840071,1400
sn12x,8,663.8130350000001,9.118665312,1072
sn12x,9,679.4834860000001,9.821367628,1227
sn12x,10,683.735527,9.038244323,1029
sn12y,1,668.951505,12.184279181,1094
sn12y,2,673.8265710000001,8.856696946,987
sn12y,3,678.9737549999998,11.111445647,1132
sn12y,4,684.009908,9.7332482,850
sn12y,5,663.6878489999999,9.021570786,1082
sn12y,6,679.071764,10.199918851,1128
sn12y,7,670.3363429999999,9.575219641,1189
sn12y,8,670.676298,10.707520035,1082
sn12y,9,679.681023,9.759422948,1044
sn12y,10,681.2410259999999,11.160877207,1048
sn1x,1,466.77292099999994,3.025103014,687
sn1x,2,466.77292099999994,3.000961381,581
sn1x,3,466.7729209999999,3.306153771,603
sn1x,4,466.7729209999999,3.50586959,879
sn1x,5,466.77292099999994,3.058639419,720
sn1x,6,466.77292099999994,3.26339654,873
sn1x,7,466.77292099999994,2.924764907,571
sn1x,8,466.77292099999994,3.163773054,611
sn1x,9,466.7729209999999,2.968811542,673
sn1x,10,466.77292099999994,3.156642207,881
sn1y,1,466.772921,3.205545721,720
sn1y,2,466.772921,3.869099546,1174
sn1y,3,466.772921,3.350927293,900
sn1y,4,466.772921,3.189956283,829
sn1y,5,466.772921,3.087464354,702
sn1y,6,466.772921,3.083109117,823
sn1y,7,466.772921,3.03760126,727
sn1y,8,466.772921,3.091152627,695
sn1y,9,466.772921,3.227463647,902
sn1y,10,466.772921,3.292009802,933
sn2x,1,691.479745,8.5923929,1727
sn2x,2,687.912808,9.483207244,2011
sn2x,3,685.4648579999999,10.138746296,2325
sn2x,4,686.0087040000001,10.891065179,2322
sn2x,5,684.6054549999999,7.648386334,2193
sn2x,6,684.752557,8.060414565,2030
sn2x,7,684.967372,10.213053177,2655
sn2x,8,684.939995,10.025311541,2807
sn2x,9,684.886633,9.045817894,2172
sn2x,10,694.3017669999999,8.519795798,1987
sn2y,1,684.605455,7.953760452,1864
sn2y,2,684.211466,8.732299208,2090
sn2y,3,686.52701,8.504344651,2434
sn2y,4,687.6107049999999,8.288304532,1701
sn2y,5,684.211466,8.062650764,1966
sn2y,6,684.939995,7.409462938,1990
sn2y,7,686.1354699999999,7.525941308,1950
sn2y,8,684.8866330000001,8.898814538,2100
sn2y,9,687.853042,8.399209886,2129
sn2y,10,685.836009,8.059398061,2134
sn3x,1,721.270818,10.916556905,1426
sn3x,2,724.860361,11.856433681,1447
sn3x,3,725.9038880000054,12.076928769,1360
sn3x,4,724.911627,11.136268749,1356
sn3x,5,721.401099,11.28979428,1527
sn3x,6,724.9812200000001,12.323362747,1482
sn3x,7,725.7244929999999,11.914180612,1342
sn3x,8,724.911627,10.957829508,1202
sn3x,9,725.7244929999999,11.957784528,849
sn3x,10,725.7244929999998,11.857679437,1324
sn3y,1,724.3823679999998,11.421986394,1361
sn3y,2,722.094348,12.786972318,1682
sn3y,3,721.270818,11.682397313,1473
sn3y,4,721.270818,11.125025133,1406
sn3y,5,726.3631849999999,13.601160977,2081
sn3y,6,723.2818599999998,10.638345075,1429
sn3y,7,721.270818,10.839264361,1226
sn3y,8,733.928825,11.773281065,1641
sn3y,9,721.4010989999999,12.480621224,1410
sn3y,10,721.270818,11.769735195,1695
sn4x,1,873.997614,38.409507928,3563
sn4x,2,876.576771,26.090619594,1964
sn4x,3,854.568293,25.343487736,2355
sn4x,4,853.701705,26.168007218,2418
sn4x,5,877.2432230000002,28.081103453,2120
sn4x,6,873.9976140000001,26.171527521,2051
sn4x,7,854.3850100000001,27.154025095,2289
sn4x,8,875.8222300000001,29.303924957,2244
sn4x,9,856.2546699999983,26.720088453,2656
sn4x,10,869.4981799999991,27.677265565,2209
sn4y,1,856.0457379999999,25.761204972,2639
sn4y,2,856.5971619999964,27.749376454,2740
sn4y,3,882.733649,26.61015542,2452
sn4y,4,878.4336489999997,31.368386336,3069
sn4y,5,855.0316339999999,25.874879207,2503
sn4y,6,862.4667479999999,26.655274336,2029
sn4y,7,854.8098650000002,27.147539387,2049
sn4y,8,856.987363,25.313149296,2461
sn4y,9,869.856586999999,27.696670227,1991
sn4y,10,854.8280340000001,28.526721457,2437
sn5x,1,1050.1745319999995,52.252044116,3754
sn5x,2,1062.3665909999997,50.102253728,4676
sn5x,3,1041.501866,47.58032435,3910
sn5x,4,1032.4035720000002,62.060381481,5319
sn5x,5,1039.6712429999998,60.205717656,4425
sn5x,6,1062.4744529999975,56.828829675,5182
sn5x,7,1047.075006999999,55.361363844,4170
sn5x,8,1044.774301,71.639100491,5577
sn5x,9,1070.785804,80.954812459,5817
sn5x,10,1063.532571,50.713900462,4350
sn5y,1,1075.0781949999996,59.403472394,4024
sn5y,2,1057.913916,52.663615879,5045
sn5y,3,1056.35421,68.688895508,5789
sn5y,4,1035.1599740000001,52.569136023,3607
sn5y,5,1060.3438010000013,54.758651466,4272
sn5y,6,1054.6049170000001,54.624033239,3521
sn5y,7,1072.6919779999998,54.044988657,4441
sn5y,8,1058.363879,55.359731987,4700
sn5y,9,1040.912023,51.560409297,4018
sn5y,10,1064.480023,53.10209518,4839
