instance,BKS,Best ub,Avg ub,Avg time,Results Best ub,Results Avg ub,Results Avg time,Gap Best ub,Gap Avg ub,Gap Results Best,Gap Results Avg
22_1.0,782.5,782.5,782.5,0.3,782.5049,782.5049,1.1248,0.0,0.0,0.0006,0.0006
22_1.5,578.2,578.2,578.2,0.3,578.1885,578.1885,1.361,0.0,0.0,-0.002,-0.002
22_2.0,496.7,496.7,496.7,0.3,496.6764,496.6764,0.9004,0.0,0.0,-0.0048,-0.0048
22_2.5,442.4,442.4,442.4,0.3,442.4451,442.4451,0.6901,0.0,0.0,0.0102,0.0102
22_3.0,401.7,401.7,401.7,0.3,401.6767,401.6767,0.7057,0.0,0.0,-0.0058,-0.0058
26_1.0,872.4,872.4,872.4,0.4,872.438,872.438,1.2658,0.0,0.0,0.0044,0.0044
26_1.5,680.8,680.8,680.8,0.4,680.8477,680.8477,1.5244,0.0,0.0,0.007,0.007
26_2.0,566.5,566.5,566.5,0.4,566.4558,566.4558,1.0803,0.0,0.0,-0.0078,-0.0078
26_2.5,531.6,531.6,532.5,0.4,531.5861,538.6673,0.8721,0.0,0.1693,-0.0026,1.3294
26_3.0,493.8,493.8,494.4,0.4,493.7992,496.67,0.9578,0.0,0.1215,-0.0002,0.5812
30_1.0,656.0,656.0,656.0,0.8,656.0295,656.0295,2.6909,0.0,0.0,0.0045,0.0045
30_1.5,514.3,514.3,514.3,0.7,514.3354,514.3354,1.2375,0.0,0.0,0.0069,0.0069
30_2.0,489.0,489.0,489.0,0.7,488.9656,489.3475,1.0571,0.0,0.0,-0.007,0.0711
30_2.5,477.7,477.7,477.7,0.7,477.6598,477.6598,1.0225,0.0,0.0,-0.0084,-0.0084
30_3.0,477.7,477.7,477.7,0.7,475.0,475.0,0.9371,0.0,0.0,-0.5652,-0.5652
36_1.0,953.6,953.6,953.6,0.7,953.5697,953.5697,1.8368,0.0,0.0,-0.0032,-0.0032
36_1.5,749.8,749.8,749.8,0.8,749.8408,749.8408,1.9558,0.0,0.0,0.0054,0.0054
36_2.0,659.9,660.2,660.2,0.9,660.221,660.221,1.7222,0.0455,0.0455,0.0486,0.0486
36_2.5,584.9,584.9,584.9,0.9,584.8576,584.8576,1.6372,0.0,0.0,-0.0072,-0.0072
36_3.0,547.6,547.6,547.6,0.9,546.0,546.0,1.4026,0.0,0.0,-0.2922,-0.2922
45_1.0,891.8,891.8,891.8,2.2,891.7933,891.7933,4.3621,0.0,0.0,-0.0008,-0.0008
45_1.5,773.1,774.5,776.0,1.8,776.3558,776.3558,2.6221,0.1811,0.3751,0.4211,0.4211
45_2.0,735.6,735.6,735.6,1.8,735.5744,735.5744,2.8982,0.0,0.0,-0.0035,-0.0035
45_2.5,727.2,727.2,727.2,1.6,727.1733,731.4904,2.8319,0.0,0.0,-0.0037,0.59
45_3.0,706.0,705.9,706.7,1.6,705.9473,707.2148,2.9449,-0.0142,0.0992,-0.0075,0.1721
51_1.0,1442.0,1442.0,1442.0,1.6,1442.0021,1442.0021,3.9972,0.0,0.0,0.0001,0.0001
51_1.5,1083.6,1083.6,1083.7,1.8,1083.6425,1083.9961,3.8715,0.0,0.0092,0.0039,0.0366
51_2.0,904.3,904.3,904.3,1.9,904.2817,905.2685,4.0955,0.0,0.0,-0.002,0.1071
51_2.5,790.0,790.0,790.0,1.9,789.9523,789.9523,3.5965,0.0,0.0,-0.006,-0.006
51_3.0,736.4,736.4,737.2,2.0,738.1521,740.5489,3.1667,0.0,0.1086,0.2379,0.5634
72_1.0,339.4,339.6,344.5,5.8,347.6209,347.7158,7.7218,0.0589,1.5027,2.4222,2.4501
72_1.5,290.6,290.6,290.7,4.8,290.635,290.635,5.7018,0.0,0.0344,0.012,0.012
72_2.0,262.0,262.0,262.0,4.8,262.0179,262.0179,5.3312,0.0,0.0,0.0068,0.0068
72_2.5,246.9,246.9,249.1,4.5,247.3545,249.7582,5.0696,0.0,0.891,0.1841,1.1576
72_3.0,239.4,239.4,239.4,4.8,239.4388,239.4388,4.5445,0.0,0.0,0.0162,0.0162
101_1.0,2140.2,2140.2,2140.2,8.8,2140.1966,2141.2081,13.2987,0.0,0.0,-0.0002,0.0471
101_1.5,1612.6,1613.6,1614.2,21.9,1613.6064,1616.7933,16.0703,0.062,0.0992,0.0624,0.26
101_2.0,1342.3,1343.4,1345.4,22.4,1357.2058,1357.9044,20.6227,0.0819,0.2309,1.1105,1.1625
101_2.5,1179.6,1179.6,1188.5,28.6,1197.3171,1198.0935,12.4713,0.0,0.7545,1.502,1.5678
101_3.0,1096.0,1096.0,1097.8,16.1,1095.9652,1100.8258,12.6918,0.0,0.1642,-0.0032,0.4403
121_1.0,5743.3,5757.3,5759.9,40.3,5768.9216,5865.885,66.1154,0.2438,0.289,0.4461,2.1344
121_1.5,3866.0,3875.5,3881.6,157.9,3893.7892,3989.2567,70.4644,0.2457,0.4035,0.7188,3.1882
121_2.0,2994.8,3004.4,3011.9,157.9,3080.7155,3100.7851,69.0072,0.3206,0.571,2.8688,3.539
121_2.5,2525.4,2525.4,2575.2,197.6,2576.2936,2586.4492,73.5454,0.0,1.972,2.0153,2.4174
121_3.0,2133.4,2135.9,2196.9,192.4,2243.8872,2245.6401,66.5217,0.1172,2.9765,5.1789,5.2611
135_1.0,2053.3,2053.6,2060.0,22.4,2077.1161,2104.5722,30.7735,0.0146,0.3263,1.1599,2.4971
135_1.5,1568.1,1572.8,1581.5,28.1,1580.1921,1587.5299,28.8639,0.2997,0.8545,0.7711,1.2391
135_2.0,1379.4,1382.0,1389.2,39.3,1385.3357,1395.2281,28.7272,0.1885,0.7105,0.4303,1.1475
135_2.5,1206.1,1206.1,1207.3,21.0,1208.3414,1209.3087,23.4621,0.0,0.0995,0.1858,0.266
135_3.0,1147.9,1156.6,1161.7,22.8,1141.6753,1149.0572,23.3711,0.7579,1.2022,-0.5423,0.1008
151_1.0,2956.9,2956.9,2959.3,28.6,2961.0102,2964.5776,36.1078,0.0,0.0812,0.139,0.2597
151_1.5,2169.9,2171.9,2174.3,96.5,2180.2251,2188.4721,48.7869,0.0922,0.2028,0.4758,0.8559
151_2.0,1775.4,1777.2,1777.7,81.6,1790.4827,1795.3072,52.8175,0.1014,0.1295,0.8495,1.1213
151_2.5,1535.8,1536.7,1537.6,91.7,1542.2237,1551.222,39.5655,0.0586,0.1172,0.4183,1.0042
151_3.0,1389.2,1400.5,1404.1,205.2,1403.8053,1413.8461,35.6297,0.8134,1.0726,1.0513,1.7741
200_1.0,3821.7,3821.7,3823.8,76.2,3830.957,3834.8432,65.6133,0.0,0.0549,0.2422,0.3439
200_1.5,2739.3,2742.2,2749.8,224.3,2752.4586,2760.2821,90.8036,0.1059,0.3833,0.4804,0.766
200_2.0,2217.1,2218.5,2233.4,214.9,2241.4421,2251.2439,99.6358,0.0631,0.7352,1.0979,1.54
200_2.5,1912.7,1927.4,1943.5,226.0,1937.6371,1943.2119,94.1818,0.7685,1.6103,1.3038,1.5952
200_3.0,1709.6,1715.4,1722.2,226.2,1725.0859,1730.7016,80.1589,0.3393,0.737,0.9058,1.2343
256_1.0,83956.1,83956.1,83956.1,22.3,83956.1304,83956.1304,81.468,0.0,0.0,0.0,0.0
256_1.5,58274.8,58274.8,58274.8,53.7,58277.2068,58570.8367,255.5452,0.0,0.0,0.0041,0.508
256_2.0,39596.4,39596.4,39596.5,46.9,39653.9756,40110.2743,222.7883,0.0,0.0003,0.1454,1.2978
256_2.5,31101.4,31101.4,31101.6,115.9,31129.1239,31356.7813,300.9346,0.0,0.0006,0.0891,0.8211
256_3.0,25361.8,25372.8,25384.4,243.0,25420.5818,25516.8212,272.3185,0.0434,0.0891,0.2318,0.6112
301_1.0,24087.0,24107.8,24213.4,298.1,24172.2642,24278.2888,236.9998,0.0864,0.5248,0.354,0.7942
301_1.5,17517.0,17586.4,17679.0,298.2,17736.8295,17763.1372,205.9688,0.3962,0.9248,1.2549,1.4051
301_2.0,14367.0,14695.8,14863.8,302.9,14669.0023,14721.1322,200.085,2.2886,3.4579,2.1021,2.4649
301_2.5,12598.2,12610.5,12860.6,304.4,12641.8616,12707.7373,244.1539,0.0976,2.0828,0.3466,0.8695
301_3.0,11352.1,11405.0,11548.5,299.4,11372.8832,11442.6755,177.843,0.466,1.7301,0.1831,0.7979
O10,26.8,26.8,26.8,0.1,26.8324,26.8324,0.967,0.0,0.0,0.1209,0.1209
O13,35.8,35.8,35.8,0.1,35.7771,35.7771,0.2102,0.0,0.0,-0.064,-0.064
O16,38.8,38.8,38.8,0.2,38.8322,38.8322,0.262,0.0,0.0,0.083,0.083
O19,52.4,52.4,52.4,0.2,52.4397,52.4397,0.4968,0.0,0.0,0.0758,0.0758
O21,51.8,51.8,51.8,0.3,51.7771,51.7771,0.3902,0.0,0.0,-0.0442,-0.0442
O25,64.9,64.9,64.9,0.4,64.8772,64.8772,0.8654,0.0,0.0,-0.0351,-0.0351
O28,62.8,62.8,62.8,0.6,62.8319,62.8319,0.6089,0.0,0.0,0.0508,0.0508
O31,77.7,77.7,77.7,0.6,77.6645,77.6645,0.9015,0.0,0.0,-0.0457,-0.0457
O37,83.8,83.8,83.8,1.0,83.7771,83.7771,0.917,0.0,0.0,-0.0273,-0.0273
O40,86.8,86.8,86.8,1.3,86.8315,86.8315,1.0775,0.0,0.0,0.0363,0.0363
O41,102.0,102.0,102.0,1.1,101.9825,101.9825,3.0277,0.0,0.0,-0.0172,-0.0172
O49,101.3,101.3,101.3,1.5,101.2911,101.2911,2.8428,0.0,0.0,-0.0088,-0.0088
O52,110.8,110.8,110.8,2.4,110.8312,110.8312,1.6856,0.0,0.0,0.0282,0.0282
O53,115.8,115.8,115.8,2.2,115.7771,115.7771,1.7346,0.0,0.0,-0.0198,-0.0198
O55,125.7,125.7,125.7,2.2,125.6638,125.6638,2.2226,0.0,0.0,-0.0288,-0.0288
O64,134.8,134.8,134.8,4.1,134.8343,134.8343,2.4668,0.0,0.0,0.0254,0.0254
O69,147.8,147.8,147.8,4.2,147.7771,147.7771,2.775,0.0,0.0,-0.0155,-0.0155
O73,167.6,167.6,167.6,4.2,167.5528,167.5528,12.5962,0.0,0.0,-0.0282,-0.0282
O79,173.7,173.7,173.7,5.3,173.6631,173.6631,4.0123,0.0,0.0,-0.0212,-0.0212
O81,170.9,170.9,171.0,8.2,170.9978,171.0749,10.575,0.0,0.0585,0.0572,0.1023
O85,179.8,179.8,179.8,7.0,179.7771,179.7771,4.067,0.0,0.0,-0.0127,-0.0127
O94,194.8,194.8,194.8,10.8,194.8334,196.4902,5.2481,0.0,0.0,0.0171,0.8677
O103,221.7,221.7,221.7,10.0,221.6624,221.6624,6.1253,0.0,0.0,-0.017,-0.017
O105,231.5,231.5,231.5,9.9,231.548,231.548,17.4697,0.0,0.0,0.0207,0.0207
O125,259.8,259.8,259.8,19.0,259.7771,261.7653,8.3639,0.0,0.0,-0.0088,0.7565
O127,269.7,269.7,269.7,17.2,269.6686,269.6686,8.7607,0.0,0.0,-0.0116,-0.0116
O137,295.6,295.6,295.6,19.2,295.5545,296.5487,13.308,0.0,0.0,-0.0154,0.3209
O145,320.4,320.8,322.2,195.1,322.9669,324.6861,25.9001,0.1248,0.5618,0.8012,1.3377
O169,359.5,359.5,359.5,32.5,359.5497,360.8752,18.8542,0.0,0.0,0.0138,0.3825
O187,389.7,389.7,389.7,46.5,389.6668,392.3178,17.6973,0.0,0.0,-0.0085,0.6717
O209,461.7,461.7,461.7,51.1,463.0884,467.7083,45.9344,0.0,0.0,0.3007,1.3013
O249,519.5,519.5,519.5,91.1,524.5198,527.3741,39.5459,0.0,0.0,0.9663,1.5157
O273,589.7,589.7,589.7,97.5,589.6897,592.806,98.2238,0.0,0.0,-0.0017,0.5267
O337,717.7,717.7,717.7,168.9,722.6586,726.9343,100.8275,0.0,0.0,0.6909,1.2867
S10,20.0,20.0,20.0,0.1,19.9839,19.9839,0.1239,0.0,0.0,-0.0805,-0.0805
S13,26.6,26.6,26.6,0.1,26.6458,26.6458,0.2038,0.0,0.0,0.1722,0.1722
S16,35.4,35.4,35.4,0.2,35.4117,35.4117,0.276,0.0,0.0,0.0331,0.0331
S19,38.2,38.2,38.2,0.2,38.1778,38.1778,0.4081,0.0,0.0,-0.0581,-0.0581
S21,47.2,47.2,47.2,0.3,47.2161,47.2161,0.4386,0.0,0.0,0.0341,0.0341
S25,49.7,49.7,49.7,0.4,49.7184,49.7186,0.6661,0.0,0.0,0.037,0.0374
S28,61.8,61.8,61.8,0.6,61.7956,61.7956,0.68,0.0,0.0,-0.0071,-0.0071
S31,70.0,70.0,70.0,0.6,70.0249,70.0249,1.1133,0.0,0.0,0.0356,0.0356
S37,82.4,82.4,82.4,0.9,82.3941,82.3941,1.2731,0.0,0.0,-0.0072,-0.0072
S40,98.6,98.6,98.6,1.2,98.593,98.593,1.2577,0.0,0.0,-0.0071,-0.0071
S41,88.0,88.0,88.0,1.2,87.9954,87.9954,1.7722,0.0,0.0,-0.0052,-0.0052
S49,81.1,81.1,81.1,1.6,81.0712,81.0712,3.2549,0.0,0.0,-0.0355,-0.0355
S52,118.7,118.7,118.7,2.2,118.7109,118.7109,2.4526,0.0,0.0,0.0092,0.0092
S53,123.1,123.1,123.1,2.1,123.1106,123.1106,2.8838,0.0,0.0,0.0086,0.0086
S55,132.9,132.9,132.9,2.4,132.928,132.928,2.6922,0.0,0.0,0.0211,0.0211
S64,150.6,150.6,150.6,3.7,150.5969,150.5969,3.7419,0.0,0.0,-0.0021,-0.0021
S69,166.1,166.1,166.1,3.9,166.1177,166.1177,3.5303,0.0,0.0,0.0107,0.0107
S73,161.1,161.1,161.1,6.5,162.2919,162.3214,6.6283,0.0,0.0,0.7399,0.7582
S79,197.2,197.2,197.2,5.3,197.1617,197.1617,7.3825,0.0,0.0,-0.0194,-0.0194
S81,133.4,133.4,133.4,6.6,133.4085,133.4281,6.5998,0.0,0.0,0.0064,0.0211
S85,201.2,201.2,201.2,6.5,201.1819,201.1819,7.2762,0.0,0.0,-0.009,-0.009
S94,212.5,212.5,212.5,9.7,212.4814,212.4814,6.9281,0.0,0.0,-0.0088,-0.0088
S103,246.8,246.8,246.8,10.2,246.7614,246.7614,10.5211,0.0,0.0,-0.0156,-0.0156
S105,240.4,240.4,240.4,13.7,240.8952,242.7764,10.9053,0.0,0.0,0.206,0.9885
S125,283.3,283.3,283.3,17.7,283.3071,283.3071,15.1926,0.0,0.0,0.0025,0.0025
S127,306.6,306.6,306.6,17.1,306.6397,306.6397,15.4795,0.0,0.0,0.0129,0.0129
S137,333.5,333.5,333.5,25.8,333.6072,336.8343,15.2273,0.0,0.0,0.0321,0.9998
S145,264.6,264.9,265.6,36.4,265.8789,266.3074,22.7241,0.1134,0.3779,0.4833,0.6453
S169,408.5,408.5,408.5,37.7,409.4711,410.123,24.9284,0.0,0.0,0.2377,0.3973
S187,424.8,424.8,424.8,44.9,424.8352,424.8352,30.3866,0.0,0.0,0.0083,0.0083
S209,427.5,428.4,432.3,174.2,429.7135,434.576,38.386,0.2105,1.1228,0.5178,1.6552
S249,598.6,598.6,598.6,94.0,599.983,599.983,62.1063,0.0,0.0,0.231,0.231
S273,612.4,619.3,625.7,270.3,613.0327,615.0089,61.7872,1.1267,2.1718,0.1033,0.426
S337,778.1,778.1,790.4,336.1,766.5388,775.5806,111.3204,0.0,1.5808,-1.4858,-0.3238
