instance,seed,bestCost,bestCostBefSP,tempAtBest,timeAtBest,iterAtBest,totalIter,pool,totalTime
30_2.0,2,488.96555044385667,488.96555044385667,83.67021925870937,0.5990002155303955,4,5637,485,7.587000131607056
26_1.0,5,872.4380399060439,872.4380399060439,100.0,0.5570001602172852,0,1244,86,7.590000152587891
O10,1,26.832422177704316,26.832422177704316,100.0,0.5139999389648438,0,1925,18,7.591000080108643
O19,4,52.43974176531907,52.43974176531907,100.0,0.6579999923706055,0,1605,88,7.5929999351501465
S10,5,19.983925359008097,19.983925359008097,100.0,0.5950000286102295,0,1689,12,7.5950000286102295
O10,2,26.832422177704327,26.832422177704327,100.0,0.0009999275207519531,0,3962,18,1.0339999198913574
O19,5,52.4397417653191,52.4397417653191,100.0,0.0009999275207519531,0,2438,87,2.0269999504089355
O10,3,26.83242217770429,26.83242217770429,100.0,0.0,0,4230,18,1.0089998245239258
O10,4,26.83242217770431,26.83242217770431,100.0,0.0,0,4149,21,1.0170001983642578
26_1.5,1,680.8477420030449,680.8477420030449,90.91621981682785,0.19099998474121094,1,1577,117,4.120000123977661
O10,5,26.832422177704302,26.832422177704302,100.0,0.0,0,4159,21,1.0550000667572021
30_2.0,3,488.96555044385394,488.96555044385394,94.58952080539005,0.1940000057220459,16,6029,505,7.016999959945679
O49,2,101.29106938309324,101.29106938309324,92.39054377999878,0.5899999141693115,6,2268,753,15.006999969482422
26_1.5,2,680.8477420030445,680.8477420030445,84.68600598671436,0.3209998607635498,87,1602,117,4.014999866485596
45_2.5,4,727.1733276571897,727.1733276571897,47.32580012819767,4.995000123977661,9,4287,518,16.010000228881836
26_1.5,3,680.8477420030447,680.8477420030447,94.86760715236677,0.10800004005432129,40,1620,110,4.3999998569488525
30_2.0,4,488.9655504438181,488.9655504438181,70.99266127040632,1.1050000190734863,827,5239,509,7.440000057220459
S52,1,118.71094016154534,118.71094016154534,93.5792410661713,0.7239999771118164,8,9181,327,22.046000003814697
26_1.5,4,680.8477420030433,680.8477420030433,89.96522074856763,0.20800018310546875,78,1454,118,4.01800012588501
26_1.5,5,680.8477420030433,680.8477420030433,89.53889903068557,0.21700000762939453,1,1540,122,4.059999942779541
30_2.0,5,488.96555044385485,488.96555044385485,98.80360520019539,0.042999982833862305,18,5993,523,7.044999837875366
O49,3,101.29106938309275,101.29106938309275,87.39756846821933,0.9799997806549072,139,2143,740,15.111999988555908
45_2.5,5,727.1733276572022,727.1733276572022,52.871074967587006,4.373000144958496,1419,4151,489,16.009000062942505
26_2.0,1,566.4558065453758,566.4558065453758,99.50062547564507,0.011999845504760742,3,1990,138,4.041999816894531
30_2.5,1,477.65980824053133,477.65980824053133,97.36050999150179,0.09399986267089844,36,6947,428,7.018999814987183
26_2.0,2,566.4558065453756,566.4558065453756,100.0,0.003000020980834961,1,2082,134,4.289999961853027
26_2.0,3,566.4558065453753,566.4558065453753,99.45074845137611,0.013000011444091797,4,1875,144,4.188000202178955
30_2.5,2,477.659808240538,477.659808240538,100.0,0.0019998550415039062,0,6381,441,7.063999891281128
S52,2,118.7109401615449,118.7109401615449,99.0386856071346,0.11100006103515625,6,9418,313,21.98099994659424
26_2.0,4,566.4558065453758,566.4558065453758,100.0,0.002000093460083008,0,1874,129,4.098999977111816
O49,4,101.29106938309357,101.29106938309357,97.77254422631835,0.18000006675720215,23,2312,755,15.02999997138977
45_3.0,1,705.9472538532982,705.9472538532982,6.812099607968336,11.827000141143799,2311,1276,763,16.242000102996826
26_2.0,5,566.4558065453755,566.4558065453755,100.0,0.003000020980834961,0,1989,140,4.069999933242798
30_2.5,3,477.659808240534,477.659808240534,99.0025043378558,0.03600001335144043,2,6563,481,7.0299999713897705
26_2.5,1,536.3407048268905,536.3843020182563,0.000756271505508721,4.343999862670898,147,147,186,4.343999862670898
30_2.5,4,477.65980824053446,477.65980824053446,98.43474300559686,0.05500006675720215,3,6789,441,7.003999948501587
26_2.5,2,536.3407048268905,536.3843020182807,0.0008999768258632912,4.022000074386597,2020,2020,156,4.022000074386597
O49,5,101.29106938309363,101.29106938309363,99.42748867267017,0.05099987983703613,3,2146,709,15.0239999294281
26_2.5,3,536.384302018294,541.7886397647596,0.0008999768258632912,4.688000202178955,2486,2486,156,4.688000202178955
30_2.5,5,477.65980824053565,477.65980824053565,99.80010087105886,0.009999990463256836,1,6569,451,7.034999847412109
45_3.0,2,705.9472538532775,705.9472538532775,3.5132818104416152,13.002000093460083,2697,1212,862,16.039999961853027
S52,3,118.71094016154566,118.71094016154566,99.37371089855776,0.0710000991821289,5,9033,304,21.960999965667725
26_2.5,4,531.5861363039161,537.7735665520511,0.0008999768258632912,4.238000154495239,1844,1844,172,4.238000154495239
26_2.5,5,536.3407048268905,541.7886397647608,0.0007562387228432499,4.081000089645386,2606,2606,185,4.081000089645386
30_3.0,1,475.0,475.0,99.57188476426262,0.01900005340576172,2,7135,518,7.015000104904175
26_3.0,1,493.79922461336946,493.79922461336946,71.61390584647656,0.6159999370574951,388,2232,171,4.332000017166138
30_3.0,2,475.0,475.0,99.7430206529345,0.009999990463256836,1,7076,539,7.016000032424927
26_3.0,2,493.79922461335855,493.79922461335855,43.230620924234486,1.371000051498413,484,1794,185,4.230000019073486
45_3.0,3,705.947253853274,705.947253853274,3.135112768201531,13.171000003814697,1300,993,813,16.009999990463257
26_3.0,3,498.58390586853324,498.58390586853324,98.80360350742343,0.029000043869018555,12,2596,153,4.273999929428101
O52,1,110.83119016415611,110.83119016415611,93.99302601704598,0.7339999675750732,213,11522,718,23.971999883651733
30_3.0,3,475.0,475.0,99.7715553189025,0.00800013542175293,1,6989,544,7.006999969482422
26_3.0,4,493.7992246133926,498.58390586853346,0.0008999768258632912,4.046000003814697,2575,2575,163,4.046000003814697
S52,4,118.71094016154518,118.71094016154518,98.6229536671473,0.15700006484985352,2,9606,365,21.953999996185303
26_3.0,5,498.5839058685335,498.5839058685335,99.35105567965508,0.01399993896484375,9,2648,161,4.270999908447266
30_3.0,4,475.0,475.0,99.6859635641215,0.013000011444091797,1,7072,527,7.052000045776367
45_3.0,4,705.9472538533112,705.9472538533112,43.1484764841944,5.495999813079834,1193,3987,798,16.043999910354614
30_3.0,5,475.0,475.0,99.60040174037388,0.015000104904174805,7,7235,532,7.023000001907349
36_1.0,1,953.5697092926198,953.5697092926198,99.11624303246326,0.03699994087219238,1,1488,155,7.04200005531311
O52,2,110.83119016415543,110.83119016415543,94.77022566535473,0.6389999389648438,39,11945,801,23.997999906539917
S103,1,246.7613512871503,246.7613512871503,98.67111098108727,0.6909999847412109,12,10798,1044,101.82000017166138
S52,5,118.71094016154592,118.71094016154592,99.36464720473802,0.07500004768371582,20,9935,315,21.956000089645386
O103,1,221.66238032832106,221.66238032832106,70.54152134776884,16.01699995994568,1451,10772,1274,99.7739999294281
45_3.0,5,705.9472538533038,705.9472538533038,22.278400270080567,8.457000017166138,998,2976,810,16.019999980926514
36_1.0,2,953.5697092926196,953.5697092926196,98.94565270084459,0.04200005531311035,3,1436,148,7.03600001335144
36_1.0,3,953.5697092926185,953.5697092926185,99.514876651834,0.02200007438659668,1,1587,153,7.122999906539917
36_1.0,4,953.5697092926196,953.5697092926196,97.9251557778262,0.07500004768371582,5,1465,160,7.045000076293945
51_1.0,1,1442.0020719279375,1442.0020719279375,86.431884765625,1.133000135421753,1,1351,327,16.242000102996826
S53,1,123.1105913685235,123.1105913685235,99.64793004058787,0.039999961853027344,2,8915,283,20.967999935150146
O52,3,110.831190164155,110.831190164155,94.502702288721,0.6719999313354492,182,11614,776,24.08299994468689
36_1.0,5,953.5697092926184,953.5697092926184,95.95602151690895,0.14499998092651367,26,1518,156,7.023000001907349
36_1.5,1,749.8407543859809,749.8407543859809,90.4876537552476,0.39300012588500977,97,1865,303,8.19700002670288
51_1.0,2,1442.0020719279385,1442.0020719279385,77.82547862078995,1.9059998989105225,144,1278,335,16.366999864578247
36_1.5,2,749.84075438598,749.84075438598,80.19202576861382,0.8399999141693115,112,1679,303,8.319000005722046
S53,2,123.11059136852305,123.11059136852305,99.70497851262861,0.03699994087219238,8,8381,274,20.95300006866455
O52,4,110.83119016415557,110.83119016415557,96.31786654995284,0.44899988174438477,58,11784,701,23.983999967575073
36_1.5,3,749.8407543859774,749.8407543859774,77.02256728482845,0.9829998016357422,232,1601,280,8.327999830245972
51_1.0,3,1442.0020719279478,1442.0020719279478,0.8349389405012175,14.546000003814697,411,133,350,18.51200008392334
36_1.5,4,749.840754385978,749.840754385978,73.87402344260217,1.128999948501587,49,1280,272,8.056999921798706
S53,3,123.11059136852374,123.11059136852374,99.31546323391662,0.07399988174438477,1,8416,319,20.960999965667725
36_1.5,5,749.840754385982,749.840754385982,85.51625629409551,0.6119999885559082,140,1808,292,8.338000059127808
51_1.0,4,1442.0020719279414,1442.0020719279414,86.15320156821014,1.1560001373291016,4,1362,345,16.23200011253357
O52,5,110.8311901641593,110.8311901641593,86.7459403356274,1.6499998569488525,472,8920,664,23.953999996185303
36_2.0,1,660.2209815814354,660.2209815814354,94.82431472861208,0.24099993705749512,38,2663,327,9.3510000705719
S53,4,123.11059136852306,123.11059136852306,99.59089562800487,0.04500007629394531,1,8475,274,21.384000062942505
36_2.0,2,660.2209815814324,660.2209815814324,96.73815304473123,0.15400004386901855,36,2891,340,9.83899998664856
51_1.0,5,1442.0020719279387,1442.0020719279387,66.9942245511651,2.9189999103546143,97,1225,342,17.274999856948853
O53,1,115.77708763999607,115.77708763999607,97.47074405843563,0.2840001583099365,9,9790,585,22.064000129699707
36_2.0,3,659.8675213284905,659.8675213284905,7.691378095160596,6.509000062942505,1876,754,331,9.677000045776367
135_2.5,1,1206.5228182766018,1207.2435422685667,0.0008688456871915183,210.33200001716614,2316,2316,7275,210.3329999446869
O103,2,221.66238032830964,221.66238032830964,84.87936877155876,7.9079999923706055,5,7314,1039,99.9520001411438
S103,2,246.76135128715276,246.76135128715276,98.6263186763646,0.7100000381469727,5,10829,949,102.01099991798401
36_2.0,4,660.2209815814088,660.2209815814088,66.25959955147638,1.6820001602172852,287,2050,315,9.427000045776367
51_1.5,1,1083.6425025796532,1084.0350129811727,0.0007410429212923235,18.52500009536743,1137,1137,518,18.52500009536743
S53,5,123.11059136852316,123.11059136852316,99.46737783212812,0.06099987030029297,6,8327,280,21.412999868392944
36_2.0,5,660.2209815814358,660.2209815814358,96.91308934058675,0.14299988746643066,5,2311,322,9.901000022888184
O53,2,115.7770876399971,115.7770876399971,92.78943394241963,0.8100001811981201,95,8689,492,22.203999996185303
101_1.5,4,1612.586859798252,1618.3044628996977,0.0009499904831571392,231.70499992370605,1139,1139,4886,231.7059998512268
36_2.5,1,584.8576449166264,584.8576449166264,94.15467864146763,0.2740001678466797,3,1213,329,9.108000040054321
51_1.5,2,1083.735327851865,1087.0307991558311,0.0009336442417582462,18.46299982070923,723,723,454,18.46299982070923
S55,1,132.92804158069015,132.92804158069015,9.236534404566555,16.709999799728394,2322,2554,741,24.301999807357788
36_2.5,2,584.8576449166301,584.8576449166301,98.45049529911559,0.07399988174438477,1,2632,445,9.19700002670288
O53,3,115.77708763999684,115.77708763999684,97.54255800980496,0.27500009536743164,62,7801,424,22.255000114440918
36_2.5,3,584.8576449166299,584.8576449166299,98.78151087125143,0.06000018119812012,16,3097,501,9.128999948501587
51_1.5,3,1083.735327851865,1087.0307991558964,0.0006817881313385879,18.19000005722046,807,807,531,18.19000005722046
36_2.5,4,584.8576449166308,584.8576449166308,98.58283170618131,0.0690000057220459,15,2907,460,9.029000043869019
S55,2,132.92804158068944,132.92804158068944,94.770223731184,0.6449999809265137,117,6960,859,24.014000177383423
O53,4,115.77708763999644,115.77708763999644,99.6911486610192,0.037999868392944336,3,10502,526,21.967000007629395
36_2.5,5,584.8576449166292,584.8576449166292,99.09096664469213,0.04499983787536621,8,2881,485,9.03499984741211
51_1.5,4,1083.642502579653,1084.0350129811459,0.0009336442417582462,18.13599991798401,1569,1569,519,18.13599991798401
36_3.0,1,546.0,546.0,49.51467691284463,2.6690001487731934,540,2561,705,9.06000018119812
36_3.0,2,546.0,546.0,48.36429481900065,2.743000030517578,220,2783,750,9.059000015258789
S55,3,132.92804158068643,132.92804158068643,30.895069046881456,10.663000106811523,2796,4365,791,24.0
51_1.5,5,1083.6425025796532,1087.0307991558136,0.000802781500644069,18.08299994468689,1871,1871,544,18.08299994468689
O53,5,115.77708763999715,115.77708763999715,93.94015021649196,0.6789999008178711,224,10283,526,21.96399998664856
36_3.0,3,546.0,546.0,51.66415099740206,2.5350000858306885,408,2190,679,9.032000064849854
36_3.0,4,546.0,546.0,59.58124613704916,2.061000108718872,654,2888,667,9.041000127792358
51_2.0,1,904.2817164292119,904.2817164292119,10.166029103333535,12.948999881744385,461,916,864,19.217999935150146
O103,3,221.66238032832067,221.66238032832067,57.510988907927555,24.177000045776367,1283,9611,1360,99.99300003051758
S55,4,132.92804158068336,132.92804158068336,5.038154051296584,18.61900019645691,5035,1800,875,24.050000190734863
O55,1,125.66378834379209,125.66378834379209,99.01154595446862,0.1099998950958252,2,8310,372,22.34500002861023
S103,3,246.7613512871512,246.7613512871512,98.56596273132531,0.7599999904632568,24,9461,944,102.25600004196167
36_3.0,5,546.0,546.0,74.13210138676962,1.2549998760223389,315,2604,653,9.378999948501587
51_2.0,2,904.2817164293259,904.2817164293259,80.42313633517321,1.9700000286102295,135,1971,809,19.69000005722046
O55,2,125.66378834379357,125.66378834379357,95.63061846565688,0.49699997901916504,14,7329,398,22.146000146865845
S55,5,132.9280415806905,132.9280415806905,64.2936707571586,4.759999990463257,1135,5261,823,24.27999997138977
45_1.0,1,891.7933372947717,891.7933372947717,91.11570247933885,1.004000186920166,64,4329,1262,22.457000017166138
51_2.0,3,904.2817164292443,904.2817164292443,28.797345712609967,8.832000017166138,343,1221,817,19.33299994468689
O55,3,125.66378834379216,125.66378834379216,97.00459158183641,0.3340001106262207,64,7829,401,22.255000114440918
45_1.0,2,891.7933372947795,891.7933372947795,97.38998336967435,0.29400014877319336,50,4755,1296,22.401000022888184
51_2.0,4,904.2817164292048,904.2817164292048,18.318399862510276,10.891000032424927,966,1009,818,19.93499994277954
S64,1,150.59685057884496,150.59685057884496,98.35278571365444,0.31100010871887207,41,10511,447,37.23699998855591
O55,4,125.66378834379229,125.66378834379229,98.06400755821261,0.21700000762939453,22,7723,382,22.086999893188477
45_1.0,3,891.7933372947853,891.7933372947853,91.58489913711549,0.9500000476837158,52,4933,1411,22.055000066757202
51_2.0,5,904.2817164292672,904.2817164292672,43.42116330260384,6.486000061035156,388,1648,827,20.062000036239624
O55,5,125.66378834379269,125.66378834379269,98.18107481013134,0.21000003814697266,7,7644,346,22.249000072479248
45_1.0,4,891.7933372947824,891.7933372947824,95.94202522079296,0.4530000686645508,2,3733,1209,22.288000106811523
51_2.5,1,789.9522763705133,789.9522763705133,2.7906582153468267,15.829999923706055,7,610,1060,19.608999967575073
S64,2,150.5968505788454,150.5968505788454,99.45479881606538,0.10500001907348633,7,10653,419,37.164000034332275
O103,4,221.6623803283125,221.6623803283125,86.18894254978615,7.171000003814697,550,12189,1262,100.09000015258789
S103,4,246.7613512871483,246.7613512871483,99.39112598402603,0.3279998302459717,1,10352,946,102.0939998626709
135_2.5,2,1206.4719526636507,1207.775767641662,0.0006297708565329147,210.8160002231598,5669,5669,6760,210.81700015068054
51_2.5,2,789.9522763705652,789.9522763705652,10.883054176757483,12.736999988555908,689,1127,1002,19.60099983215332
45_1.0,5,891.793337294781,891.793337294781,96.92402641687394,0.34799981117248535,66,4891,1365,22.163999795913696
O64,1,134.8343024863996,134.8343024863996,98.3144794214724,0.3510000705718994,44,13975,1103,41.3529999256134
45_1.5,1,776.355750181026,776.355750181026,91.13884460630062,0.8190000057220459,77,6158,595,18.286999940872192
51_2.5,3,789.9522763706174,789.9522763706174,51.84757918100647,5.3420000076293945,522,1941,961,19.067999839782715
S64,3,150.59685057884676,150.59685057884676,99.50332092307002,0.10300016403198242,2,10509,423,37.31700015068054
45_1.5,2,773.1184176590297,773.1184176590297,72.05180319152761,2.7230000495910645,116,3960,452,18.973000049591064
101_1.5,5,1612.5868597977278,1612.5868597977278,0.06263706014171133,213.54299998283386,59,128,4941,235.09100008010864
51_2.5,4,789.9522763706387,789.9522763706387,61.41609504821227,4.11299991607666,108,1856,968,21.711999893188477
45_1.5,3,775.9795213855698,776.355750181029,0.0008999966939320874,18.365999937057495,5149,5149,534,18.367000102996826
O64,2,134.83430248640173,134.83430248640173,97.36875969000481,0.5490000247955322,94,12185,903,41.26300001144409
S64,4,150.59685057884596,150.59685057884596,98.19738657433766,0.34399986267089844,3,9173,419,37.359999895095825
51_2.5,5,789.9522763705356,789.9522763705356,17.270586792051365,11.107999801635742,1302,1385,1086,19.61299991607666
45_1.5,4,773.4373291875942,775.1274887481754,0.0009000046412209976,19.22099995613098,5521,5521,607,19.221999883651733
51_3.0,1,738.1521213255235,741.6965989528463,0.0009610011234286868,20.78500008583069,2494,2494,1405,20.78600001335144
O103,5,221.66238032830728,221.66238032830728,96.85315402757553,1.6000001430511475,40,11484,1212,100.38600015640259
S103,5,246.76135128715055,246.76135128715055,99.11178505166028,0.4779999256134033,2,9243,1038,102.08899998664856
O209,1,461.6942759476973,461.6942759476973,62.7654636325207,106.23999977111816,1,3924,2104,509.9099998474121
45_1.5,5,776.3557501809984,776.3557501809984,42.59012608243095,6.257999897003174,1485,4332,563,18.003999948501587
S64,5,150.59685057884616,150.59685057884616,99.46019043375577,0.11100006103515625,5,10789,426,37.33800005912781
O64,3,134.83430248639885,134.83430248639885,99.27449061788164,0.1530001163482666,2,14479,1113,41.16499996185303
51_3.0,2,736.4257149187955,743.3686482030134,0.0009610011234286868,20.61299991607666,1240,1240,1316,20.61299991607666
45_2.0,1,735.5744141990142,735.5744141990142,98.30722371822993,0.15700006484985352,9,6170,546,18.43400001525879
51_3.0,3,738.1521213255235,739.1762537151463,0.0009922563686473181,20.743000030517578,2943,2943,1379,20.743000030517578
45_2.0,2,735.5744141990103,735.5744141990103,92.9938782069524,0.6470000743865967,163,6075,556,18.16700005531311
S69,1,166.1177125702369,166.1177125702369,96.82055391190008,0.6359999179840088,84,9609,443,39.269999980926514
O64,4,134.83430248640235,134.83430248640235,94.9246236718536,1.057999849319458,72,14342,1195,41.04900002479553
51_3.0,4,737.7623430494472,739.209580177181,0.0008999982833870356,20.549999952316284,1897,1897,1396,20.550999879837036
45_2.0,3,735.5744141990141,735.5744141990141,96.56337998527246,0.31999993324279785,50,5096,517,18.21999979019165
51_3.0,5,738.1521213255236,742.9814729020225,0.0009302533159285395,20.991999864578247,3210,3210,1460,20.991999864578247
45_2.0,4,735.5744141990172,735.5744141990172,99.55604716242098,0.04500007629394531,7,6423,538,18.356000185012817
S69,2,166.11771257023872,166.11771257023872,99.3344438595242,0.13499999046325684,1,9477,482,39.473000049591064
O64,5,134.83430248640371,134.83430248640371,82.56160096150839,3.750999927520752,822,13003,1035,41.759000062942505
O105,1,231.54800732773816,231.54800732773816,94.44698422045606,2.8000001907348633,45,8656,1015,98.95300006866455
45_2.0,5,735.5744141990157,735.5744141990157,99.62257990076043,0.051000118255615234,2,5731,528,18.141000032424927
45_2.5,1,727.1733276572085,727.1733276572085,68.67229791762084,2.743000030517578,63,3766,504,16.67899990081787
135_2.5,3,1207.8422866884403,1210.7349534245188,0.000821777772570417,211.05100011825562,2574,2574,6945,211.05100011825562
S69,3,166.11771257023753,166.11771257023753,98.99229499853361,0.2070000171661377,7,9799,459,39.222999811172485
45_2.5,2,727.1733276572224,727.1733276572224,95.72176459900439,0.35899996757507324,11,5152,475,16.36299991607666
72_1.0,1,347.62090628242254,347.7629243696888,0.0008896858994376879,58.57299995422363,3598,3598,2604,58.57299995422363
O69,1,147.77708763999547,147.77708763999547,97.3135270702907,0.5850000381469727,2,12142,815,42.17200016975403
45_2.5,3,727.1733276572145,727.1733276572145,80.42726575904489,1.6549999713897705,491,4281,464,17.569999933242798
S105,1,240.4186308225032,240.4186308225032,0.018551636501021436,135.14699983596802,1011,101,2695,144.03799986839294
S69,4,166.1177125702336,166.1177125702336,96.51299184343387,0.6889998912811279,3,9367,398,39.32200002670288
O69,2,147.77708763999732,147.77708763999732,96.9146484908558,0.6589999198913574,155,11455,841,42.65300011634827
101_2.0,1,1342.317684965983,1359.5314333396693,0.0009765619678157343,236.125,1147,1147,6564,236.12600016593933
72_1.0,2,347.62090628242254,347.9289703319356,0.0009955096566868161,59.25100016593933,2787,2787,2402,59.25100016593933
O105,2,231.54800732774342,231.54800732774342,88.40368251288656,5.929999828338623,23,7642,1179,98.85599994659424
S69,5,166.11771257023761,166.11771257023761,99.62599162155642,0.08299994468688965,12,7233,388,39.12400007247925
O69,3,147.77708763999473,147.77708763999473,56.146476090634714,10.541000127792358,53,9258,665,41.91600012779236
72_1.0,3,339.55540475704606,347.6209062822852,0.000984660271543819,58.05999994277954,2686,2686,2864,58.05999994277954
O69,4,147.77708763999672,147.77708763999672,96.70849244864976,0.7039999961853027,37,11048,982,41.97099995613098
S73,1,161.09980486723117,162.291916010566,0.0009946761294941377,68.75399994850159,10327,10327,2328,68.75399994850159
S105,2,240.41863082230896,241.17696720978137,0.000953322405532913,144.84799981117249,1574,1574,2520,144.84799981117249
O105,3,231.5480073277411,231.5480073277411,96.43041618695453,1.808000087738037,38,9077,1153,98.86800003051758
O69,5,147.77708763999604,147.77708763999604,92.35209994762965,1.6489999294281006,75,10187,965,42.09599995613098
72_1.0,4,347.62090628242254,347.9294058342356,0.000984662851341214,58.906999826431274,4936,4936,2537,58.906999826431274
135_2.5,4,1206.2144833329064,1207.4555138224607,0.0008548664415320403,209.9960000514984,1967,1967,5914,209.99699997901917
S73,2,161.0998048672312,162.2919160104652,0.0008454664829415261,70.28900003433228,1860,1860,2247,70.28900003433228
O73,1,167.5528396926068,167.5528396926068,98.26473703180818,0.370999813079834,11,6523,749,41.90499997138977
72_1.0,5,347.62090628224723,347.62090628224723,2.968491367714753,48.01800012588501,4436,980,2814,58.66300010681152
O73,2,167.55283969260523,167.55283969260523,96.45578270858238,0.7569999694824219,21,7722,641,41.89800000190735
O105,4,231.5480073277401,231.5480073277401,80.78196470732932,10.040000200271606,207,8735,1097,98.72900009155273
S73,3,161.0998048672312,162.29191601056615,0.0009373006611663717,68.24000000953674,10930,10930,2403,68.24000000953674
101_2.0,2,1343.368087059871,1358.2087801511534,0.0009877550913363385,231.2079999446869,2767,2767,7111,231.20899987220764
72_1.5,1,290.63502190016845,290.63502190016845,64.88973730230265,9.341000080108643,714,5972,2445,50.66000008583069
O73,3,167.55283969260813,167.55283969260813,98.17506948944121,0.3989999294281006,41,6383,638,42.43300008773804
S105,3,240.41863082230893,241.69328796322083,0.0009759922059903587,139.51400017738342,1494,1494,2574,139.51400017738342
72_1.5,2,290.63502190017437,290.63502190017437,67.25708445099079,8.650000095367432,864,6136,2598,48.10800004005432
O73,4,167.55283969260861,167.55283969260861,95.79282643150991,0.9140000343322754,6,7159,683,41.907999992370605
S73,4,161.09980486723117,162.00201136288,0.00096577421777512,67.46000003814697,557,557,2125,67.46200013160706
O105,5,231.5480073277403,231.5480073277403,99.43917213577933,0.312999963760376,2,8717,1030,98.73399996757507
O209,2,461.69427594772674,461.69427594772674,16.084808757145417,306.3269999027252,6,1732,2268,509.529000043869
O73,5,167.55283969260805,167.55283969260805,97.95343710325072,0.440000057220459,4,7478,727,41.894999980926514
72_1.5,3,290.63502190012264,290.63502190012264,32.151262561427885,20.789999961853027,2976,4089,2877,48.46500015258789
135_2.5,5,1207.0253948985044,1209.1688442365783,0.0009698769739891502,210.1450002193451,1796,1796,5371,210.14600014686584
S73,5,161.09980486723117,161.8302141811028,0.000984994046002473,67.8199999332428,48,48,2197,67.82100009918213
72_1.5,4,290.63502190014384,290.63502190014384,44.211417715158056,16.08899998664856,1,5086,2821,48.14099979400635
O79,1,173.66308433605386,173.66308433605386,90.90003470554481,2.4809999465942383,384,10426,711,52.88100004196167
S105,4,240.41863082230896,241.62220831907328,0.0007532417576621396,139.9909999370575,6606,6606,2420,139.9909999370575
S79,1,197.16171084166623,197.16171084166623,97.62931389093232,0.6480000019073486,8,8792,548,52.9520001411438
72_1.5,5,290.63502190012014,290.63502190012014,21.884853366911415,25.555000066757202,2503,3527,2988,48.09500002861023
O79,2,173.66308433605363,173.66308433605363,86.90109132816211,3.6059999465942383,252,11059,671,52.86800003051758
S79,2,197.1617108416648,197.1617108416648,98.38394065436623,0.437999963760376,38,8839,585,53.51800012588501
101_2.0,3,1343.368087059871,1358.6753887164375,0.0009516122825900006,240.44700002670288,1084,1084,6805,240.4480001926422
72_2.0,1,262.01792609997284,262.01792609997284,83.89033397682442,4.042999982833862,573,6635,2495,47.98100018501282
O79,3,173.66308433605397,173.66308433605397,90.86406037164893,2.486999988555908,84,8583,664,52.85799980163574
O125,1,259.777087639996,259.777087639996,90.81588433717796,8.940999984741211,337,15810,2268,189.5350000858307
S79,3,197.16171084166692,197.16171084166692,76.74090536810772,6.584000110626221,34,8358,640,52.90300011634827
S105,5,240.89521806195842,240.89521806195842,79.18141862720353,15.139999866485596,801,10854,2685,138.9449999332428
72_2.0,2,262.01792609998773,262.01792609998773,97.0266037951726,0.7360000610351562,84,8620,2760,50.229000091552734
O79,4,173.66308433605187,173.66308433605187,93.19170165586164,1.8470001220703125,154,9963,701,52.865999937057495
72_2.0,3,262.0179260999872,262.0179260999872,97.42101194724837,0.6440000534057617,32,8490,2636,47.96900010108948
S79,4,197.16171084166731,197.16171084166731,95.65947250424456,1.1710000038146973,1,9103,726,53.1729998588562
135_3.0,1,1137.8887477916755,1143.7410426396889,0.0006833178433905224,229.8090000152588,2654,2654,6561,229.8090000152588
O79,5,173.66308433605641,173.66308433605641,88.90710835572703,3.0299999713897705,371,10872,761,52.87000012397766
72_2.0,4,262.0179260999883,262.0179260999883,98.40226674948715,0.40000009536743164,8,8699,2722,47.98300004005432
S79,5,197.16171084166683,197.16171084166683,95.89582781686859,1.1180000305175781,5,9300,704,52.93499994277954
72_2.0,5,262.01792609998563,262.01792609998563,92.96173599617347,1.7249999046325684,3,8384,2816,47.99399995803833
O81,1,170.9765734998566,173.9504936758541,0.0008637859854508923,91.47900009155273,3670,3670,6822,91.47900009155273
O125,2,259.77708763999675,259.77708763999675,73.84507625934303,26.75,827,14515,2411,189.64999985694885
S81,1,133.4085252877912,133.53294641751376,0.0008113862803926351,70.02900004386902,4097,4097,3798,70.02999997138977
S125,1,283.30713247066006,283.30713247066006,95.37343192538681,4.182999849319458,10,11583,604,176.70199990272522
101_2.0,4,1343.368087059871,1354.0489513091466,0.0009516122825900006,242.57399988174438,4145,4145,6928,242.57500004768372
72_2.5,1,246.90537457330768,247.35453276746858,0.0,48.58299994468689,4576,4576,1992,48.58399987220764
72_2.5,2,246.90537457329782,246.90537457329782,87.68865757313972,2.867000102996826,8,8948,2675,45.0
S81,2,133.4085252877912,133.53491055909348,0.0009741973584460069,69.64199995994568,1684,1684,3328,69.64199995994568
O81,2,170.9448125310455,173.82571759772406,0.0008424146349271129,92.04200005531311,1490,1490,5785,92.04200005531311
72_2.5,3,246.90537457330768,247.35453276734683,0.000926865333086549,45.062000036239624,195,195,2429,45.062000036239624
135_3.0,2,1137.8887477916753,1142.6928678526515,0.0009697215569573636,229.42799997329712,2060,2060,6106,229.42799997329712
S81,3,133.4085252877912,133.57573071692624,0.0008113883383684206,68.34999990463257,1972,1972,3787,68.35099983215332
O209,3,461.69427594771736,461.69427594771736,34.47482250623444,211.23599982261658,795,2473,2467,509.57999992370605
72_2.5,4,246.90537457330768,247.57809674741267,0.0009541226188755789,45.78600001335144,4128,4128,2543,45.78699994087219
O81,3,170.94481253104547,173.86719233834387,0.0009295062462819766,89.60899996757507,90,90,6544,89.60999989509583
O125,3,259.77708763998965,259.77708763998965,44.28552247775598,63.58400011062622,3311,11218,2150,189.54399991035461
S125,2,283.3071324706612,283.3071324706612,82.35408679726739,16.39299988746643,8,9769,511,176.489000082016
72_2.5,5,246.90537457330768,247.3545327673616,0.0009957525246703728,45.49399995803833,1738,1738,2523,45.49399995803833
S81,4,133.4085252877912,133.49716039675207,0.0009741951034313053,69.57800006866455,1987,1987,3672,69.57800006866455
101_2.0,5,1343.3680870598707,1356.5560843661665,0.0008893175563338047,240.07999992370605,4449,4449,6418,240.08100008964539
72_3.0,1,239.43884180532825,239.43884180532825,91.77240853661613,2.0260000228881836,22,8751,2451,57.91600012779236
O81,4,170.9537248600646,173.6149722281498,0.0,101.09899997711182,2234,2234,6682,101.09999990463257
S81,5,133.4085252877912,133.57123722607827,0.0009274791100136893,69.93700003623962,3956,3956,3333,69.93700003623962
72_3.0,2,239.43884180529483,239.43884180529483,42.981682611213955,16.536999940872192,146,6896,2343,48.026999950408936
S85,1,201.1819025765114,201.1819025765114,98.3514665317706,0.5479998588562012,74,11738,518,95.08299994468689
S125,3,283.3071324706618,283.3071324706618,97.33104432529785,2.425999879837036,148,9475,465,191.46799993515015
S209,3,427.65143408432215,429.6070097050676,0.0009961234290103258,1770.1319999694824,824,824,23874,1770.1329998970032
72_3.0,3,239.43884180529017,239.43884180529017,62.051724358573715,10.194000005722046,1493,5413,2357,64.7519998550415
O125,4,259.7770876399971,259.7770876399971,65.81735315182434,35.88100004196167,392,9556,1876,198.37999987602234
O81,5,170.94481253104547,173.84413894194924,0.0,105.26699995994568,4158,4158,6256,105.26799988746643
135_3.0,3,1140.567266764631,1148.4799863524886,0.0009561112889072223,264.1870000362396,3279,3279,7088,264.1879999637604
72_3.0,4,239.43884180532788,239.43884180532788,75.15083880553244,6.4040000438690186,307,8928,2354,47.96500015258789
S85,2,201.18190257650983,201.18190257650983,90.15356425897578,3.322999954223633,12,10888,524,64.82999992370605
O85,1,179.77708763999505,179.77708763999505,95.92803249293736,1.446000099182129,105,14506,1216,69.82400012016296
72_3.0,5,239.43884180531117,239.43884180531117,74.15003924203978,6.671000003814697,784,9172,2651,47.98799991607666
S85,3,201.181902576515,201.181902576515,95.60627539106885,1.4579999446868896,212,11965,555,64.8420000076294
O85,2,179.77708763999448,179.77708763999448,83.45866564017555,6.059999942779541,949,13780,1374,69.8439998626709
101_2.5,1,1189.9417119607353,1197.771684487186,0.0009792960118569047,333.94000005722046,3139,3139,8490,333.9409999847412
S85,4,201.18190257651355,201.18190257651355,96.49283994843975,1.1579999923706055,112,8754,541,91.52400016784668
S125,4,283.30713247066024,283.30713247066024,93.01349254796185,6.3450000286102295,45,11673,592,221.1949999332428
O125,5,259.77708763999374,259.77708763999374,79.12196135784917,21.01800012588501,1204,13905,2230,218.01900005340576
O85,3,179.77708763999573,179.77708763999573,88.20698067372723,4.263999938964844,721,6106,1178,78.32200002670288
135_3.0,4,1138.5118218756907,1143.8467087060642,0.0009834280128514735,229.9139997959137,35,35,6456,229.91499996185303
O209,4,461.6942759477107,461.6942759477107,28.4251739510364,238.86800003051758,86,1875,2896,509.6470000743866
S85,5,201.18190257651077,201.18190257651077,99.51443704116947,0.16899991035461426,11,12119,553,64.84099984169006
O85,4,179.77708763999428,179.77708763999428,88.798313812255,4.039000034332275,399,14219,1456,69.83999991416931
O85,5,179.77708763999232,179.77708763999232,80.37122468244007,7.251000165939331,62,13298,1460,69.82800006866455
S94,1,212.48138798801602,212.48138798801602,99.41734605670938,0.29200005531311035,12,15121,607,96.73000001907349
O127,1,269.66860497281414,269.66860497281414,87.62157252486463,11.05299997329712,164,13241,1733,171.53399991989136
S125,5,283.3071324706642,283.3071324706642,97.98762817140931,1.811000108718872,4,12233,657,176.54100012779236
135_3.0,5,1139.7511703966477,1143.2745897466464,0.0009318555828386936,231.25300002098083,1765,1765,7729,231.25300002098083
O94,1,194.8334224767959,194.8334224767959,35.867899179181975,43.325000047683716,6282,11917,2687,107.80999994277954
S94,2,212.48138798801727,212.48138798801727,98.1937971941745,0.9019999504089355,60,14084,605,96.72200012207031
200_3.0,3,1723.737631700491,1734.4532419584932,0.0009746983474294241,2315.6979999542236,2124,2124,23423,2315.699000120163
101_2.5,2,1179.625902235471,1198.7127751477635,0.0009020990565479795,329.5680000782013,2402,2402,9923,329.56900000572205
O127,2,269.66860497280453,269.66860497280453,92.18679243811685,6.865000009536743,158,9273,1717,171.53000020980835
S127,1,306.6397191500069,306.6397191500069,95.87730895559277,3.610999822616577,106,7029,1436,170.57699990272522
S94,3,212.481387988012,212.481387988012,95.95919222420315,2.008000135421753,8,7382,376,96.72200012207031
O94,2,194.83342247672485,194.83342247672485,93.75977169765059,3.432000160217285,32,10422,1810,107.73400020599365
S94,4,212.4813879880154,212.4813879880154,98.04062110378683,0.9729998111724854,25,14257,581,96.7279999256134
O94,3,194.83342247675063,194.83342247675063,68.89307404680127,18.368000030517578,1285,15663,2489,107.7720000743866
O127,3,269.6686049728145,269.6686049728145,83.25077087375234,15.085000038146973,104,13278,2130,171.57000017166138
S127,2,306.6397191500041,306.6397191500041,97.09048261639279,2.517000198364258,5,9939,1678,170.6560001373291
151_1.0,1,2959.81752665404,2987.1488002260244,0.0006913587241215216,288.42700004577637,9,9,2860,288.4390001296997
S94,5,212.48138798801395,212.48138798801395,99.04353535520598,0.49000000953674316,22,14309,580,96.7739999294281
O209,5,461.6942759477277,461.6942759477277,40.05923835771115,187.7649998664856,527,2369,2760,509.6289999485016
O21,1,51.777087639996765,51.777087639996765,100.0,0.0010001659393310547,0,5305,45,3.003000020980835
O94,4,194.83342247676455,194.83342247676455,60.88767600584255,23.73200011253357,3311,14770,2699,107.78800010681152
O21,2,51.777087639996694,51.777087639996694,100.0,0.003000020980834961,1,6052,51,3.004000186920166
O21,3,51.77708763999678,51.77708763999678,99.33444507810805,0.009999990463256836,11,5417,49,3.003000020980835
O21,4,51.77708763999671,51.77708763999671,99.93333338551021,0.002000093460083008,1,6093,46,3.001000165939331
O21,5,51.77708763999679,51.77708763999679,99.66693682776572,0.005000114440917969,6,5418,49,3.003999948501587
101_2.5,3,1189.9417119607353,1198.9010343862215,0.0009424471084678109,345.3819999694824,2770,2770,9819,345.38300013542175
101_1.0,1,2140.1965945137053,2174.696526932301,0.0,128.15499997138977,27,27,1534,128.15599989891052
O94,5,194.8334224767234,194.8334224767234,92.05158738257843,4.391000032424927,59,7623,2146,107.75800013542175
S10,1,19.983925359008094,19.983925359008094,100.0,0.0,0,5694,12,1.0049998760223389
S10,2,19.983925359008104,19.983925359008104,100.0,0.0,0,5611,12,1.0049998760223389
S10,3,19.98392535900811,19.98392535900811,100.0,0.0009999275207519531,0,5952,12,1.0069999694824219
S10,4,19.983925359008108,19.983925359008108,100.0,0.0,0,5218,12,1.005000114440918
O127,4,269.66860497289804,269.66860497289804,33.90827698076776,71.86100006103516,4435,3545,1943,171.52900004386902
S127,3,306.6397191500101,306.6397191500101,97.35341898272623,2.302000045776367,33,6440,1350,170.58100008964539
101_1.0,2,2140.7637244646903,2153.879521914525,0.0008931948091372988,88.85799980163574,51,51,1709,88.85799980163574
151_1.0,2,2962.6303456397236,3095.841417145061,0.0006443784002722093,287.80000019073486,1136,1136,2502,287.80000019073486
101_1.0,3,2140.196594513706,2157.8584558556618,0.0009344141106960263,89.87199997901917,89,89,1739,89.87199997901917
O127,5,269.6686049728681,269.6686049728681,47.955624915527736,52.930999994277954,90,9988,1781,171.59299993515015
O13,1,35.77708763999664,35.77708763999664,100.0,0.0,0,3528,47,1.011000156402588
S127,4,306.6397191500084,306.6397191500084,95.99874117150887,3.502000093460083,21,10060,1568,170.59299993515015
O13,2,35.77708763999665,35.77708763999665,100.0,0.0009999275207519531,0,3438,48,1.0099999904632568
O13,3,35.77708763999665,35.77708763999665,100.0,0.0,1,3191,47,1.0090000629425049
O13,4,35.77708763999662,35.77708763999662,100.0,0.0,0,2936,47,1.0079998970031738
O13,5,35.777087639996644,35.777087639996644,100.0,0.0,0,2849,41,1.0079998970031738
101_1.0,4,2140.1965945137053,2154.994973444253,0.0006479337518865582,89.13700008392334,234,234,1740,89.13700008392334
101_2.5,4,1186.0588639323532,1197.3171432708634,0.0009946744468406145,313.2640001773834,3618,3618,9835,313.2640001773834
S127,5,306.6397191500056,306.6397191500056,96.23380508644604,3.2690000534057617,76,9831,1639,170.625
S13,1,26.645846688179454,26.645846688179454,100.0,0.0010001659393310547,0,3461,24,1.0120000839233398
S13,2,26.645846688179446,26.645846688179446,100.0,0.0,0,3791,24,1.0090000629425049
S13,3,26.645846688179446,26.645846688179446,100.0,0.0010001659393310547,0,3096,23,1.188000202178955
101_1.0,5,2140.1965945137053,2172.9495754591785,0.0008864158571259839,88.60399985313416,1014,1014,1731,88.60399985313416
S13,4,26.64584668817946,26.64584668817946,100.0,0.0,0,3431,24,1.0099999904632568
S13,5,26.64584668817944,26.64584668817944,100.0,0.0,0,3985,27,1.008000135421753
O137,1,295.5544906709814,295.5544906709814,88.74523161197416,11.15499997138977,158,10344,1743,191.46599984169006
301_1.0,1,24230.99564013622,24341.15294974962,0.0008957781793329236,3032.3650000095367,41,41,13942,3032.367000102997
151_1.0,3,2960.2471020253347,2999.5699859355987,0.0009771090218219907,313.75499987602234,3,3,3248,313.75499987602234
O137,2,295.55449067101597,295.55449067101597,30.667367270852804,85.70300006866455,1033,5856,1580,191.47900009155273
101_1.5,1,1613.6064110478396,1623.5324342254203,0.0007886095196726552,236.03900003433228,1745,1745,4390,236.03999996185303
101_2.5,5,1185.813128689183,1199.6038667752443,0.0009858721739762542,308.40899991989136,3115,3115,8436,308.40899991989136
S137,1,333.53150871018045,333.7926243196681,0.0009140075046091873,268.52099990844727,542,542,3928,268.5220000743866
151_1.0,4,2960.2999040931313,2996.5508162025476,0.00017009280177400632,293.49199986457825,3,3,3293,293.492999792099
O137,3,295.5544906710407,295.5544906710407,35.110562751311235,78.24799990653992,2256,6857,1945,191.49499988555908
101_3.0,1,1095.9652107856903,1096.141823958033,0.000859473458718369,172.47000002861023,6850,6850,8123,172.47099995613098
101_1.5,2,1612.5868597982512,1618.1604424000643,0.0007631716073319694,233.26200008392334,700,700,4838,233.26200008392334
O249,1,519.5488931020054,521.2054971478007,0.0009807690823042635,920.7740001678467,1630,1630,3060,920.7750000953674
S209,4,429.469580703756,438.3210742014546,0.0009502814496877879,1797.5789999961853,6801,6801,22353,1797.5800001621246
S137,2,333.53150871018033,334.95284476109373,0.0008746004108282227,285.3880000114441,1375,1375,4671,285.3890001773834
O137,4,295.55449067111397,295.55449067111397,0.8822297138398507,174.010999917984,6684,1001,1798,191.4649999141693
101_3.0,2,1096.2376550701424,1105.403157079503,0.0009916630108991785,169.7059998512268,1353,1353,6506,169.7059998512268
151_1.0,5,2960.2471020253347,2995.877261096197,0.0009618675104895227,292.9500000476837,25,25,3027,292.95099997520447
101_1.5,3,1612.586859798252,1622.2846173026714,0.0008972620824640874,229.37900018692017,1701,1701,4620,229.37900018692017
101_3.0,3,1096.2376550701424,1104.7873687754718,0.0009300603301973796,172.76500010490417,1832,1832,7959,172.76600003242493
O137,5,295.55449067114677,295.55449067114677,2.6626760800746787,160.69599986076355,6219,1851,2014,191.4960000514984
S137,3,333.53150871018033,333.7349380624224,0.000975956959882306,270.00999999046326,11365,11365,4356,270.02100014686584
101_3.0,4,1095.9652107856903,1104.8686750285906,0.0009916630108991785,170.2189998626709,4517,4517,7529,170.2189998626709
S137,4,333.54358854816905,334.8797944643583,0.0007766377401698656,270.39599990844727,11233,11233,4054,270.3970000743866
101_3.0,5,1095.9652107856903,1106.949977879088,0.0008413603145166565,168.71399998664856,2638,2638,7265,168.71399998664856
S137,5,333.5636686690892,333.7349380624332,0.000973536908057055,268.32800006866455,9796,9796,3729,268.3420000076294
O249,2,519.5488931020054,522.862351397322,0.000960251486773605,908.3760001659393,2055,2055,3063,908.382000207901
121_1.0,1,5798.552875483386,6227.273267799434,0.0009074598984434968,403.23799991607666,1402,1402,3173,403.2389998435974
200_3.0,4,1719.1336867427794,1745.408203235276,0.0008262448045116187,2316.71599984169,2182,2182,26863,2316.71799993515
151_1.5,1,2177.348012259571,2209.0865807871105,0.0009969887601340335,1022.2490000724792,5046,5046,9170,1022.25
S145,1,264.94417157547485,267.3759884255713,0.0009825814167927305,414.11500000953674,831,831,13182,414.11500000953674
121_1.0,2,6162.768392076516,6298.909831071641,0.000977532018525679,402.6229999065399,1162,1162,3147,402.6229999065399
S145,2,265.1160729928936,266.68394682174716,0.0009946745595182105,405.470999956131,1525,1525,12549,405.47199988365173
S209,5,427.46237383082047,437.01985842971703,0.0009972108086230157,1790.3180000782013,1184,1184,26028,1790.319000005722
O249,3,519.5488931021911,519.5488931021911,12.623551590347995,587.6579999923706,600,2787,2960,958.8170001506805
121_1.0,3,5920.220624892998,6296.54863429771,0.0,415.12000012397766,1025,1025,2550,415.1210000514984
S21,1,47.216082365694085,47.216082365694085,99.86670488459278,0.003999948501586914,5,3753,96,3.007999897003174
S21,2,47.21608236569414,47.21608236569414,100.0,0.0019998550415039062,1,5537,104,3.006999969482422
S21,3,47.21608236569408,47.21608236569408,100.0,0.0009999275207519531,0,5123,93,3.009000062942505
S21,4,47.21608236569416,47.21608236569416,100.0,0.0009999275207519531,1,5149,96,3.0119998455047607
S21,5,47.216082365694106,47.216082365694106,99.86670488459278,0.003000020980834961,3,5829,93,3.004000186920166
S145,3,264.77891686397277,267.32784502385647,0.0009232247629109552,388.89800000190735,2258,2258,11683,388.8990001678467
151_1.5,2,2179.1804408770868,2208.947890702717,0.0009904554367481046,1022.172000169754,1801,1801,8644,1022.172000169754
121_1.0,4,5886.883996043772,6358.104976308684,0.0,405.35700011253357,1447,1447,2935,405.3580000400543
O145,1,321.827697642632,321.8510826012975,0.0009759618716587487,2018.4710001945496,2561,2561,45919,2018.4720001220703
S145,4,265.1153759931044,265.9867467743808,0.0009877551942642925,406.9449999332428,1115,1115,12514,406.94599986076355
301_1.0,2,24387.15654019406,Inf,0.0006764187199386566,3033.5460000038147,1485,1485,9200,3033.5460000038147
121_1.0,5,5963.690981178802,6269.354382232761,0.0006108135033063826,403.8120000362396,1247,1247,3316,403.8129999637604
O249,4,519.5488931020054,521.205747351715,0.0009643376873722377,908.4140000343323,1483,1483,3197,908.4170000553131
S249,1,599.9829674986003,599.9829674986003,94.77229626815962,25.125,5,6702,3546,941.5060000419617
S145,5,264.9441715754748,266.1484348965289,0.0009349480838566134,393.00400018692017,480,480,13141,393.0050001144409
S16,1,35.411691702524244,35.411691702524244,100.0,0.0010001659393310547,0,5815,42,2.008000135421753
S16,2,35.41169170252425,35.41169170252425,100.0,0.0009999275207519531,1,6076,46,2.007999897003174
S16,3,35.411691702524294,35.411691702524294,99.80011448135429,0.003000020980834961,2,6682,46,2.007999897003174
S16,4,35.411691702524315,35.411691702524315,100.0,0.0009999275207519531,0,5826,48,2.00600004196167
S16,5,35.41169170252427,35.41169170252427,100.0,0.0009999275207519531,0,5718,49,2.006999969482422
S169,1,409.4730801869323,409.4730801869323,0.8380746855250794,342.53200006484985,96,651,2401,380.1949999332428
151_1.5,3,2177.0474933612536,2199.9357776793076,0.0009504281384803526,1022.2239999771118,2416,2416,8793,1022.2249999046326
200_3.0,5,1723.1321857371977,1729.3569424705036,0.0009683597585317822,2316.5159997940063,3399,3399,26663,2316.5169999599457
22_1.0,1,782.5049056402383,782.5049056402383,100.0,0.003999948501586914,1,1254,109,3.0360000133514404
22_1.0,2,782.5049056402388,782.5049056402388,96.49787952651978,0.053999900817871094,24,1307,113,3.0390000343322754
22_1.0,3,782.5049056402365,782.5049056402365,95.51803934919576,0.07500004768371582,28,1229,106,3.006999969482422
22_1.0,4,782.504905640239,782.504905640239,100.0,0.004999876022338867,1,1186,106,3.0319998264312744
22_1.0,5,782.504905640239,782.504905640239,100.0,0.004999876022338867,1,1261,108,3.0279998779296875
22_1.5,1,578.1884553818438,578.1884553818438,99.06884849446618,0.016000032424926758,5,1481,101,3.0139999389648438
22_1.5,2,578.1884553818445,578.1884553818445,99.60039720815026,0.009000062942504883,1,1344,99,3.0369999408721924
22_1.5,3,578.188455381845,578.188455381845,98.34028723504831,0.025999784469604492,12,1424,91,3.009999990463257
22_1.5,4,578.1884553818469,578.1884553818469,99.2015944274903,0.013000011444091797,6,1490,105,3.009000062942505
22_1.5,5,578.1884553818463,578.1884553818463,100.0,0.003000020980834961,0,1399,97,3.0169999599456787
22_2.0,1,496.6764451917311,496.6764451917311,76.27110444810671,0.3859999179840088,168,1946,115,3.0239999294281006
22_2.0,2,496.6764451917339,496.6764451917339,86.36605106201183,0.21199989318847656,146,2081,130,3.0169999599456787
22_2.0,3,496.67644519174166,496.67644519174166,95.97467067722756,0.06400012969970703,8,2409,130,3.015000104904175
22_2.0,4,496.67644519174064,496.67644519174064,95.45289962730408,0.0710000991821289,27,1993,118,3.015000104904175
22_2.0,5,496.676445191741,496.676445191741,90.3767109902276,0.14999985694885254,64,2161,135,3.0139999389648438
22_2.5,1,442.4451164017544,442.4451164017544,98.80360745722467,0.018999814987182617,12,2759,117,3.0209999084472656
22_2.5,2,442.445116401756,442.445116401756,99.06884849446618,0.014999866485595703,19,2836,144,3.0349998474121094
22_2.5,3,442.4451164017532,442.4451164017532,98.67111237419977,0.020999908447265625,28,3195,161,3.0339999198913574
22_2.5,4,442.4451164017551,442.4451164017551,96.89121561703158,0.04900002479553223,38,2587,129,3.0139999389648438
22_2.5,5,442.44511640175574,442.44511640175574,97.21961203613319,0.042999982833862305,47,2901,147,3.0199999809265137
22_3.0,1,401.67673136059346,401.67673136059346,94.80267802539402,0.07999992370605469,68,3090,181,3.0369999408721924
22_3.0,2,401.6767313605929,401.6767313605929,97.61439912058513,0.03699994087219238,6,2761,168,3.2980000972747803
22_3.0,3,401.6767313605936,401.6767313605936,99.53387980753583,0.009000062942504883,3,2839,161,3.1459999084472656
22_3.0,4,401.67673136059204,401.67673136059204,96.17072096227037,0.06200003623962402,35,2831,163,3.2769999504089355
22_3.0,5,401.67673136059443,401.67673136059443,98.86988043293425,0.018000125885009766,3,3030,169,3.3559999465942383
S169,2,410.2860220585431,410.2860220585431,92.86466286748288,13.783999919891357,157,10218,2354,377.8310000896454
O249,5,519.5488931020054,526.1758096923586,0.0009345737907686944,908.4360001087189,3945,3945,3738,908.4379999637604
O25,1,64.87724426801394,64.87724426801394,95.69729981277,0.08899998664855957,64,2709,235,4.398000001907349
O25,2,64.87724426801708,64.87724426801708,88.03130723426342,0.247999906539917,105,2577,226,4.227999925613403
O25,3,64.87724426801279,64.87724426801279,98.05950455012322,0.0410001277923584,22,2667,234,4.615000009536743
O25,4,64.87724426801644,64.87724426801644,87.79690679130567,0.2539999485015869,108,2620,230,4.46999979019165
O25,5,64.87724426801563,64.87724426801563,92.88140716910362,0.14599990844726562,92,2779,242,4.861000061035156
256_1.0,1,83956.13040797188,Inf,0.000996633744151095,222.3090000152588,354,354,255,222.3140001296997
S249,2,599.9829674986214,599.9829674986214,92.79776337895656,34.74799990653992,7,7493,3293,940.7149999141693
256_1.0,2,83956.13040797191,Inf,0.0006171768788960524,222.46000003814697,322,322,255,222.46099996566772
S169,3,408.4914642801657,409.4730801869354,0.0009813345527545684,381.94200015068054,2539,2539,2996,381.9430000782013
256_1.0,3,83956.13040797187,83956.13040797187,100.0,0.6380000114440918,0,350,255,222.95199990272522
121_1.5,1,3869.4226277874113,3899.503484051987,0.000958684809629538,1634.4119999408722,998,998,13244,1634.4140000343323
151_1.5,4,2175.5215645666344,2199.936243642617,0.0009497893488535011,1076.5910000801086,2,2,9640,1076.5920000076294
256_1.0,4,83956.1304079719,Inf,0.0004887470692962449,222.52099990844727,147,147,255,222.52199983596802
O145,2,320.9491580665581,321.05466097357447,0.0,2098.411999940872,1413,1413,45428,2098.411999940872
S169,4,410.2860220585302,410.2860220585302,95.36688112355277,8.88100004196167,3,7560,1995,379.5920000076294
256_1.0,5,83956.13040797188,Inf,0.0006016789496691824,222.46600008010864,391,391,255,222.46799993515015
O273,1,589.6897188892628,591.3462383114394,0.0009049298634762958,972.1949999332428,3154,3154,2016,972.1970000267029
S249,3,599.710926461293,599.9829674986207,0.0008329978860148593,942.9689998626709,5971,5971,3750,943.0059998035431
S169,5,410.2860220585318,410.2860220585318,98.15132946488178,3.562999963760376,8,11450,2216,377.27300000190735
256_1.5,1,60685.591584644375,Inf,2.081536529553073e-5,536.8789999485016,340,340,938,536.8799998760223
S187,1,424.8351746993639,424.8351746993639,10.420674206814391,304.1340000629425,6096,3542,1396,447.7519998550415
151_1.5,5,2169.879184886343,2191.0314193495524,0.0009453235303254016,998.0570001602173,82,82,9407,998.058000087738
301_1.0,3,24238.789452078418,25682.02905702905,0.0005679132020495133,3034.1419999599457,1650,1650,9361,3034.1440000534058
O273,2,589.6897188892674,589.6897188892674,63.35278307659916,199.80800008773804,129,3560,2297,1022.2369999885559
S249,4,599.9829674986092,599.9829674986092,95.36935359296396,22.305000066757202,3,7893,3389,995.9049999713898
S187,2,424.83517469939267,424.85430091306307,0.0009722175321693621,447.9300000667572,3307,3307,1301,447.93099999427795
256_1.5,2,59300.62401707102,Inf,4.494245086344386e-5,538.1129999160767,328,328,999,538.1139998435974
121_1.5,2,3873.4161243924273,3962.013372685869,0.0009582926043602364,1634.457999944687,1909,1909,12684,1634.4589998722076
S187,3,424.83517469939267,424.8543009130854,0.0009847574041070496,447.7149999141693,9485,9485,1303,447.71600008010864
151_2.0,1,1778.7121417392377,1817.8117131495308,0.0007522113927817584,874.0709998607635,2398,2398,11552,874.0720000267029
256_1.5,3,60904.72382444681,Inf,0.0,539.2660000324249,332,332,980,539.2669999599457
O145,3,324.4522073058922,324.4522073058922,1.002615752582352,1755.707999944687,9692,2972,47608,2007.4950001239777
S187,4,424.83517469937533,424.83517469937533,26.754468239993507,216.8619999885559,1599,5725,1271,447.8069999217987
S249,5,599.9829674986289,599.9829674986289,75.97459040739481,120.87700009346008,146,6429,3377,941.279000043869
S25,1,49.718423704502726,49.718423704502726,37.97640360534196,1.5360000133514404,174,2153,167,4.306999921798706
S25,2,49.7184237045204,49.7184237045204,1.2543997436523568,3.552999973297119,835,328,155,4.540999889373779
S25,3,49.718423704489915,49.719367843226635,0.0009000125885449961,4.069999933242798,147,147,163,4.069999933242798
S25,4,49.718423704508,49.718423704508,26.936099356555943,1.9250001907348633,1874,1901,170,4.354000091552734
S25,5,49.71842370449512,49.71842370449512,68.26890900790694,0.6979999542236328,591,3072,161,4.309000015258789
O273,3,589.6897188892628,591.3457114965247,0.0009310321559567213,972.2090001106262,3353,3353,2938,972.212000131607
256_1.5,4,59802.653453507315,Inf,0.0004586138660345128,537.5409998893738,353,353,1016,537.5420000553131
S187,5,424.83517469937055,424.83517469937055,16.343561928336793,267.52300000190735,3572,4317,1479,447.86100006103516
S19,1,38.177769175092486,38.177769175092486,100.0,0.002000093460083008,1,3155,90,2.007000207901001
S19,2,38.177769175092514,38.177769175092514,100.0,0.0009999275207519531,0,3129,92,2.006999969482422
S19,3,38.17776917509248,38.17776917509248,100.0,0.002000093460083008,1,3472,92,2.009999990463257
S19,4,38.177769175092514,38.177769175092514,100.0,0.0009999275207519531,0,2883,90,2.6689999103546143
S19,5,38.17776917509248,38.17776917509248,100.0,0.003000020980834961,1,2300,82,2.2879998683929443
151_2.0,2,1777.5296314017442,1817.0504440038987,0.0009927133659521617,873.710000038147,2755,2755,13519,873.7109999656677
256_1.5,5,59490.01769489712,Inf,5.770726643090493e-6,536.9789998531342,309,309,1040,536.9789998531342
121_1.5,3,3875.0561214105123,3965.961251735902,0.000959077001620115,1634.6989998817444,47,47,13390,1634.6989998817444
O273,4,589.6897188892628,591.3461849130719,0.0008834613029380568,972.2409999370575,766,766,2119,972.2430000305176
256_2.0,1,41418.19450004508,Inf,0.0,469.69400000572205,274,274,1832,469.6949999332428
151_2.0,3,1798.4463538697216,1804.9424581490875,0.0009819315016086243,873.8439998626709,1237,1237,13394,873.8450000286102
256_2.0,2,44333.533104856746,Inf,0.0,471.13300013542175,285,285,1753,471.1340000629425
O145,4,324.7750741825775,324.7939018359671,0.000992040112578453,2006.9289999008179,7286,7286,47123,2006.9299998283386
O273,5,589.6897188892619,589.6897188892619,52.46216332069413,269.0519998073578,10,3361,2549,972.0499999523163
O28,1,62.83189417189645,62.83189417189645,99.16840752628121,0.026000022888183594,3,9351,190,5.994999885559082
O28,2,62.831894171895975,62.831894171895975,99.4673766998291,0.01699995994567871,1,8686,168,5.99399995803833
O28,3,62.83189417189611,62.83189417189611,99.73351453976103,0.009999990463256836,2,8821,194,6.0
O28,4,62.831894171896195,62.831894171896195,100.0,0.0009999275207519531,0,8856,177,6.0
O28,5,62.83189417189608,62.83189417189608,99.60039720815026,0.013000011444091797,3,9151,167,5.996000051498413
O31,1,77.6644923515365,77.6644923515365,99.80009860267639,0.00800013542175293,1,5015,119,6.0
O31,2,77.66449235153704,77.66449235153704,99.20160234298709,0.02499985694885254,3,5061,133,6.000999927520752
O31,3,77.66449235153677,77.66449235153677,99.86671282658048,0.005000114440917969,1,5436,111,5.995000123977661
O31,4,77.6644923515368,77.6644923515368,99.76680379384358,0.009000062942504883,8,4895,110,6.177000045776367
O31,5,77.66449235153684,77.66449235153684,99.16839961210889,0.026000022888183594,10,3787,100,6.013000011444092
301_1.0,4,24426.680285729006,25454.49081320411,0.000862164044059079,3032.4990000724792,1716,1716,10910,3032.5010001659393
256_2.0,3,44692.75338282562,Inf,0.0005401413580778445,469.20099997520447,259,259,1645,469.2019999027252
S209,1,427.65143408432215,430.5518664928432,0.0009892505810797057,1797.723000049591,8526,8526,29897,1797.7239999771118
151_2.0,4,1778.5635018169796,1816.7767015313839,0.000799309255932127,928.4860000610352,2900,2900,12963,928.4860000610352
121_1.5,4,3878.8002724542603,3967.2386095547513,0.0008784709698440686,1634.6600000858307,121,121,12347,1634.6600000858307
256_2.0,4,40315.998102980964,Inf,0.00028158123800710674,469.0160000324249,238,238,1746,469.0169999599457
S273,1,615.7926590156543,615.7926590156543,1.9716918193399218,2323.595999956131,52,1813,23068,2755.8120000362396
256_2.0,5,41850.79705009652,Inf,0.0006054328272965372,468.7739999294281,317,317,1755,468.77500009536743
151_2.0,5,1778.2421509711367,1801.2968106381697,0.0009356401770172372,873.856999874115,1714,1714,12943,873.856999874115
O145,5,325.6457593581831,325.6457593581831,0.0011291804495893007,1944.5360000133514,248,6,44634,2006.5429999828339
O337,1,717.6899721981263,719.3465033295216,0.0009595688706585646,1721.8310000896454,579,579,3260,1721.8429999351501
O16,1,38.83224617576828,38.83224617576828,100.0,0.0009999275207519531,1,6314,29,2.003999948501587
O16,2,38.83224617576825,38.83224617576825,100.0,0.0009999275207519531,1,6551,30,2.008000135421753
O16,3,38.832246175768255,38.832246175768255,99.90000841436455,0.0010001659393310547,1,6857,30,2.005000114440918
O16,4,38.832246175768276,38.832246175768276,100.0,0.0009999275207519531,0,6835,31,2.007999897003174
O16,5,38.832246175768226,38.832246175768226,100.0,0.0,0,6095,29,2.005000114440918
S209,2,429.8696682277508,431.7968013978402,0.0009467455250714186,1797.9530000686646,7625,7625,27458,1797.9539999961853
151_2.5,1,1537.1657991167394,1565.1268456620305,0.0009727323582480135,974.4710001945496,2231,2231,15042,974.4720001220703
O169,1,359.5496583060892,361.206262351753,0.000761759721397985,324.21799993515015,6770,6770,2445,324.2190001010895
121_1.5,5,3868.6914145013407,3899.20947552962,0.0009571166568665699,1634.483999967575,79,79,14561,1634.4849998950958
256_2.5,1,31274.063452739098,Inf,0.0005953768711361833,1216.2619998455048,628,628,3848,1216.2619998455048
O169,2,359.5496583061304,359.5496583061304,46.79317695504958,102.7279999256134,1489,7151,1927,324.12099981307983
O169,3,359.5496583061112,359.5496583061112,75.2975377744745,43.01300001144409,235,9484,2761,324.10599994659424
151_2.5,2,1536.3713622059372,1562.5787192427279,0.0009856997419959226,974.694000005722,599,599,17024,974.6949999332428
O169,4,359.54965830620273,359.54965830620273,18.83052585324166,183.99900007247925,4885,3473,2651,366.02300000190735
301_1.0,5,24286.75736953648,25463.285904514065,0.000587424110578976,3070.3079998493195,1758,1758,10091,3070.3099999427795
256_2.5,2,32858.60473491777,Inf,0.0003058726927207803,1167.5649998188019,680,680,3977,1167.5649998188019
O169,5,359.5496583061367,359.5496583061367,51.48879382514715,91.84599995613098,1968,8068,2396,324.0750000476837
S273,2,613.1389428965647,613.1389428965647,16.54316432839283,1603.933000087738,553,6471,25889,2755.944000005722
O337,2,719.3464916202909,722.659753645495,0.0,1722.9609999656677,1251,1251,3446,1722.9660000801086
121_2.0,1,2998.6027690018686,3018.9365518484738,0.0009883238671049555,1634.954999923706,56,56,22298,1634.9570000171661
O187,1,389.66684495343713,391.32366275184427,0.000995300738760364,463.7350001335144,5716,5716,4344,463.73600006103516
151_2.5,3,1536.3713622059372,1567.9831362416176,0.0009483981039224091,974.4880001544952,3436,3436,15282,974.489000082016
O187,2,389.6668449535404,389.6668449535404,11.56482629502861,306.9010000228882,2979,5751,3658,463.7310001850128
256_2.5,3,33308.237697933684,Inf,0.0008595672843554268,1157.4370000362396,687,687,3842,1157.4370000362396
O187,3,389.666844953451,389.666844953451,69.1562137392814,78.36500000953674,251,12304,3248,463.6510000228882
151_2.5,4,1536.3713622059372,1570.8749487680218,0.0008817726560905231,974.9060001373291,3174,3174,17417,974.9070000648499
O337,3,717.6899721981263,719.3467286903327,0.0008791628402631693,1684.1819999217987,2979,2979,3502,1684.1900000572205
O187,4,389.6668449535159,389.6668449535159,32.17963505962263,201.26500010490417,52,9111,3676,463.73600006103516
121_2.0,2,3003.0964159640844,3019.139917182651,0.000977601818589908,1635.0260000228882,426,426,22998,1635.026999950409
256_2.5,4,32665.391512496186,Inf,0.0006239219410952887,1216.210000038147,716,716,4119,1216.210000038147
O187,5,389.6668449535197,389.6668449535197,15.783789178542312,280.3180000782013,5282,6201,3420,463.72699999809265
O19,1,52.43974176531911,52.43974176531911,100.0,0.0009999275207519531,0,3032,90,2.007999897003174
O19,2,52.439741765319035,52.439741765319035,100.0,0.002000093460083008,0,3023,92,2.006999969482422
O19,3,52.4397417653191,52.4397417653191,100.0,0.0009999275207519531,0,2936,93,2.00600004196167
151_2.5,5,1536.3713622059372,1563.3257881148008,0.0009973750222260851,974.5279998779297,3521,3521,17383,974.529000043869
301_1.5,1,17771.28567054233,18084.58179508214,0.0008909684510759465,3033.476000070572,2369,2369,16799,3033.478000164032
S273,3,613.3264712872214,613.3264712872214,0.022445648901789624,2662.7750000953674,11,278,29287,2755.890000104904
O337,4,717.6899721981263,721.2934918160207,0.0009358744548726387,1684.0110001564026,260,260,3448,1684.020000219345
256_2.5,5,31285.93953833806,Inf,0.0006360493127400807,1170.2219998836517,846,846,4335,1170.2219998836517
121_2.0,3,3014.698738888117,3014.7225910802076,0.0009923098397751624,1634.7290000915527,434,434,24501,1634.7300000190735
151_3.0,1,1405.0874619225833,1415.3987178291636,0.0009880176952623309,2106.548000097275,12300,12300,32479,2106.5490000247955
O337,5,717.6899721981599,717.6899721981599,0.006812845953815283,1676.3719999790192,764,13,4440,1685.3029999732971
O37,1,83.77708763999729,83.77708763999729,98.10902443323137,0.09599995613098145,30,8304,261,9.986999988555908
O37,2,83.77708763999726,83.77708763999726,98.5651834697876,0.07300019264221191,28,8430,260,9.983000040054321
O37,3,83.77708763999689,83.77708763999689,99.26137017818071,0.03900003433227539,3,9475,263,9.983999967575073
O37,4,83.77708763999672,83.77708763999672,99.6602897997246,0.017999887466430664,1,8669,269,9.980999946594238
O37,5,83.77708763999712,83.77708763999712,97.7923197928467,0.11299991607666016,1,8359,255,9.986000061035156
O40,1,86.83154216802399,86.83154216802399,98.71186576467662,0.08899998664855957,8,10288,385,12.981000185012817
O40,2,86.83154216802404,86.83154216802404,98.02523214536815,0.13100004196166992,80,12590,448,12.979000091552734
O40,3,86.83154216802441,86.83154216802441,96.49283994843975,0.23200011253356934,8,10596,386,12.979000091552734
O40,4,86.83154216802377,86.83154216802377,99.72327036794178,0.01900005340576172,3,10399,407,12.989000082015991
O40,5,86.83154216802428,86.83154216802428,98.71186940895397,0.08699989318847656,2,5505,350,55.6710000038147
121_2.0,4,3012.7338627916806,3013.2414934001317,0.0009807725903661373,1634.6820001602173,297,297,24663,1634.683000087738
O41,1,101.98251301225261,101.98251301225261,99.05678365131728,0.05900001525878906,1,3826,328,10.994999885559082
O41,2,101.9825130122522,101.9825130122522,99.58225533729427,0.023999929428100586,4,3754,320,10.98799991607666
O41,3,101.98251301225218,101.98251301225218,98.64101153562878,0.07700014114379883,11,4209,361,11.005000114440918
O41,4,101.98251301225241,101.98251301225241,98.60489745171289,0.0820000171661377,11,3784,350,10.989000082015991
O41,5,101.9825130122521,101.9825130122521,99.58225533729427,0.026000022888183594,2,4879,451,10.990000009536743
O49,1,101.29106938309313,101.29106938309313,96.79936042664254,0.25099992752075195,30,2608,782,14.995000123977661
S273,4,613.9216973927626,613.9216973927626,1.5848322829555295,2362.7740001678467,2,2772,42401,2755.795000076294
301_1.5,2,17875.139755656623,18080.459231110697,0.0009151537814884308,3033.4909999370575,3099,3099,20741,3033.496999979019
256_3.0,1,25437.63849285832,25971.853681075176,0.0008681874583667125,2483.026999950409,2233,2233,9906,2483.029000043869
151_3.0,2,1404.7445644545774,1405.9653230359618,0.0009910836879737414,2107.0499999523163,7905,7905,34440,2107.0510001182556
121_2.0,5,3017.637525080372,3109.5616954876086,0.0009991043935065843,1634.3450000286102,13259,13259,18272,1634.345999956131
S273,5,612.2366481855184,612.2366481855184,11.139196415879264,1800.9920001029968,18993,10404,55393,2756.2829999923706
S28,1,61.79558426151321,61.79558426151321,99.93334927478372,0.0019998550415039062,1,10261,128,5.991999864578247
S28,2,61.795584261513135,61.795584261513135,99.53387980753583,0.014999866485595703,17,9104,124,5.99399995803833
S28,3,61.79558426151309,61.79558426151309,99.90002430098852,0.003999948501586914,4,11589,129,5.993000030517578
S28,4,61.7955842615134,61.7955842615134,99.70022290506364,0.009999990463256836,2,9688,124,5.99399995803833
S28,5,61.7955842615132,61.7955842615132,99.86671282658048,0.003999948501586914,6,9814,125,5.99399995803833
S31,1,70.02486721455267,70.02486721455267,93.31560012283325,0.2090001106262207,70,4377,496,6.019999980926514
S31,2,70.02486721455125,70.02486721455125,85.99471512027321,0.437999963760376,236,4894,505,6.240999937057495
S31,3,70.02486721455327,70.02486721455327,96.20340246597925,0.11699986457824707,1,4471,496,6.198999881744385
S31,4,70.02486721455364,70.02486721455364,96.20340246597925,0.11800003051757812,63,4422,503,6.017000198364258
S31,5,70.02486721455344,70.02486721455344,95.64840099487306,0.13299989700317383,22,3794,496,6.226999998092651
256_3.0,2,25425.755864095583,26229.7057220488,0.0009513289519641632,2482.805999994278,3050,3050,11045,2482.808000087738
301_1.5,3,17662.707176196833,18104.153898845532,0.0008744297371436215,3033.523999929428,4305,4305,20187,3033.526000022888
151_3.0,3,1400.4057684485726,1404.5530306163907,0.0009984614349408602,2106.459000110626,6818,6818,36573,2106.4639999866486
121_2.5,1,2532.4287763028074,2596.904863307422,0.00099116627398678,2030.0750000476837,23219,23219,18367,2030.0750000476837
256_3.0,3,25409.903349325585,26187.308670866787,0.0008835328238647902,2483.013999938965,3107,3107,11177,2483.0169999599457
121_2.5,2,2568.1679061650407,2568.1679061650407,64.41695219743708,390.10199999809265,3455,22046,28885,2078.8650000095367
151_3.0,4,1404.968610345432,1407.0400700987304,0.0,2205.672999858856,9573,9573,35261,2205.672999858856
S337,1,762.6204244580838,762.6204244580838,3.5581116384253466,2727.2430000305176,11,3596,32591,3411.7699999809265
301_1.5,4,17779.498661588048,18089.47962267178,0.0009300249687512643,3074.601000070572,3288,3288,23614,3074.6019999980927
121_2.5,3,2548.6229688454723,2584.361766065388,0.0009933980814675369,2030.4750001430511,19661,19661,23835,2030.4820001125336
151_3.0,5,1401.748554450156,1408.8416773509373,0.0009558101034308818,2106.6130001544952,7967,7967,34524,2106.6130001544952
256_3.0,4,25391.408144870333,26570.891268839445,0.0009681573378727306,2482.6579999923706,2867,2867,11067,2482.6589999198914
200_1.0,1,3823.5667866602935,3857.7284296538487,0.0008403910891033955,780.6970000267029,21,21,6856,780.6979999542236
200_1.0,2,3821.715238979394,3876.3677990772912,0.0008796439740863198,777.7380001544952,157,157,6735,777.739000082016
301_1.5,5,17591.430984952305,18063.251590842458,0.000984806275048613,3033.0380001068115,4696,4696,20420,3033.039999961853
121_2.5,4,2556.351789153061,2572.6000854729145,0.0009809956229377302,2030.7170000076294,18526,18526,31488,2030.7179999351501
S337,2,767.8361656039268,767.8827955233819,0.0009817528987610665,3412.029000043869,12643,12643,30666,3412.0309998989105
200_1.0,3,3828.743861785663,3864.3298259958237,0.0008259966951566924,819.9930000305176,24,24,6787,819.9939999580383
256_3.0,5,25449.608958985184,26506.277817535873,0.0009645753181861953,2482.654000043869,2618,2618,10415,2482.6549999713898
26_1.0,1,872.4380399060432,872.4380399060432,100.0,0.003999948501586914,0,1910,90,4.002000093460083
26_1.0,2,872.4380399060439,872.4380399060439,100.0,0.003000020980834961,0,1916,99,4.001999855041504
26_1.0,3,872.4380399060444,872.4380399060444,100.0,0.0019998550415039062,0,1945,99,4.000999927520752
26_1.0,4,872.4380399060435,872.4380399060435,88.26602016172416,0.24500012397766113,2,1989,93,3.996999979019165
200_1.0,4,3824.8694127463577,3872.05835222114,0.0009624649975765858,785.5080001354218,212,212,6974,785.5090000629425
121_2.5,5,2552.3626860898135,2579.378832491577,0.0009892552720993084,2030.4049999713898,24140,24140,28421,2030.4059998989105
200_1.0,5,3821.6843848166172,3874.290312073557,0.00035910747661652354,768.375,3313,3313,6980,768.3759999275208
301_2.0,1,14811.09942879344,14811.09942879344,84.88857312796033,238.43699979782104,1,6219,34590,3080.414999961853
S337,3,765.6425718528286,765.6425718528286,5.039791220645653,2606.776999950409,50,4923,38402,3411.7560000419617
121_3.0,1,2151.820912044107,2162.970862211098,0.0009878017516341156,1978.8020000457764,32716,32716,32945,1978.8029999732971
200_1.5,1,2766.399132357936,2766.399132357936,0.6493428123998923,2062.3540000915527,25,1542,22463,2296.2829999923706
301_2.0,2,14799.71405525645,14799.71405525645,87.85333323423922,190.68099999427795,408,6403,34146,3080.3869998455048
121_3.0,2,2181.4689323136513,2245.0792375499013,0.0009904171891662544,2030.8469998836517,3836,3836,39161,2030.8469998836517
200_1.5,2,2757.691519323456,2763.0400473125924,0.0009441304079505511,2296.521000146866,11,11,22342,2296.5220000743866
S337,4,764.3413559971499,764.3413559971499,2.5987051562747716,2819.348000049591,3,4704,41932,3411.6399998664856
121_3.0,3,2159.073264699562,2218.8451058161063,0.0009621604123521534,1979.1189999580383,28604,28604,42183,1979.1239998340607
200_1.5,3,2761.3148506408415,2761.3148506408415,0.05059791935270495,2192.625,75,418,22990,2296.486999988556
301_2.0,3,14658.346172977479,14774.278266213649,0.0009606111344585847,3080.201999902725,5363,5363,27180,3080.2030000686646
121_3.0,4,2153.849350121126,2157.653513364802,0.0009923809389811812,1978.9739999771118,32187,32187,39032,1978.9750001430511
S337,5,769.4931873972114,769.4931873972114,15.271864023367183,2047.7820000648499,761,9537,39678,3413.5920000076294
S37,1,82.39409764136697,82.39409764136697,99.48954193303142,0.026000022888183594,9,7392,197,8.98799991607666
S37,2,82.39409764136663,82.39409764136663,99.88891721136778,0.00800013542175293,1,7208,194,8.985000133514404
S37,3,82.39409764136691,82.39409764136691,99.57822227250088,0.02200007438659668,7,6808,198,8.983999967575073
S37,4,82.39409764136668,82.39409764136668,99.86671017925123,0.0070002079010009766,1,8717,211,8.98200011253357
S37,5,82.39409764136653,82.39409764136653,99.80009860267639,0.01100015640258789,1,6536,183,8.98800015449524
S40,1,98.59302787594753,98.59302787594753,99.00250094890595,0.059999942779541016,5,10796,176,11.977999925613403
S40,2,98.59302787594791,98.59302787594791,99.0024969951312,0.06400012969970703,11,9783,174,11.9760000705719
S40,3,98.5930278759479,98.5930278759479,99.30122804107668,0.04399991035461426,2,10630,175,11.978999853134155
S40,4,98.59302787594861,98.59302787594861,99.58376974032986,0.026999950408935547,1,11076,172,11.972999811172485
S40,5,98.59302787594818,98.59302787594818,100.0,0.003000020980834961,0,11716,165,11.973999977111816
S41,1,87.9954063310456,87.9954063310456,4.185434580577763,9.54699993133545,552,1109,743,12.531999826431274
S41,2,87.99540633104537,87.99540633104537,1.1130250570138311,10.735999822616577,1,478,692,12.154000043869019
S41,3,87.99540633104442,87.99540633104442,1.482306180334092,10.54099988937378,54,573,706,12.147000074386597
S41,4,87.9954063310451,87.9954063310451,1.6705559911489587,10.45300006866455,1091,789,822,12.308000087738037
S41,5,87.99540633104513,87.99540633104513,5.232655813694009,9.259000062942505,655,1331,815,12.391999959945679
S49,1,81.07117369910327,81.12496354610143,0.0009000036478079565,16.250999927520752,36,36,991,16.250999927520752
S49,2,81.07117369910327,81.28220674111357,0.0009000036478079565,16.312000036239624,480,480,991,16.312000036239624
S49,3,81.07117369910327,81.28220674111812,0.0008999947071153258,16.207000017166138,305,305,952,16.207000017166138
S49,4,81.07117369910327,81.25365244734964,0.000976560637355739,16.194000005722046,1707,1707,966,16.194000005722046
S49,5,81.07117369910327,81.12496354610249,0.000976560637355739,16.227999925613403,214,214,960,16.227999925613403
200_1.5,4,2758.6031927359595,2758.6031927359595,0.0010694037279226321,2235.7389998435974,753,2,22719,2296.3840000629425
121_3.0,5,2141.0044859737045,2245.8001855295734,0.0009825814056945508,1978.9379999637604,34169,34169,41036,1978.9379999637604
301_2.0,4,14627.754110667034,14627.754110667034,7.484948109547163,2200.3810000419617,80,4737,43709,3080.4530000686646
135_1.0,1,2056.8865957182506,2076.0414378605255,0.000965433287194816,224.65900015830994,4556,4556,8279,224.65900015830994
135_1.0,2,2059.473801094159,2077.034548469965,0.0009488595144025767,225.98800015449524,3730,3730,9304,225.989000082016
135_1.0,3,2059.3692880069398,2066.023994983955,0.0009905636730623605,224.90400004386902,5502,5502,8421,224.90400004386902
135_1.0,4,2059.4261545912154,2081.2728921304365,0.0008602700199551999,224.42600011825562,5121,5121,7107,224.42700004577637
135_1.0,5,2060.4264541223056,2082.9025686841037,0.0009406270922218685,225.8840000629425,5306,5306,8310,225.88499999046326
135_1.5,1,1576.1884032056819,1576.856226495195,0.0009740620862565227,292.7259998321533,8934,8934,9673,292.72699999809265
200_1.5,5,2757.100529250787,2757.100529250787,0.005868666431627129,2225.8710000514984,1239,102,24196,2296.486999988556
135_1.5,2,1567.4784905947845,1567.8122189710812,0.0009874353391010687,284.03200006484985,9541,9541,9759,284.03200006484985
135_1.5,3,1576.6023846647195,1588.7605470729004,0.0009541723800084893,288.35799980163574,8136,8136,8416,288.35799980163574
135_1.5,4,1573.1837857941632,1579.292151424652,0.0009740615566454495,294.45499992370605,10017,10017,11053,294.45499992370605
135_1.5,5,1569.1286550412528,1576.234103473877,0.0009986499921792802,287.78600001335144,7314,7314,10666,287.78600001335144
135_2.0,1,1377.7106875664679,1383.3063920538366,0.0009715992660848088,415.7019999027252,12543,12543,15859,415.70300006866455
301_2.0,5,14760.531624585205,14760.531624585205,67.60715815055559,538.5349998474121,3,11903,50766,3080.37299990654
135_2.0,2,1378.8975549021175,1381.0574114603326,0.0009045862250669399,424.93299984931946,17380,17380,16371,424.93299984931946
200_2.0,1,2240.517341438598,2240.6395993224564,0.0009953745974253644,2202.8830001354218,5128,5128,38147,2202.8840000629425
135_2.0,3,1378.607548640947,1381.9464324104902,0.0009747741942773371,419.1449999809265,4791,4791,15475,419.1449999809265
135_2.0,4,1378.5664296022703,1381.5243640069066,0.000982734553036497,452.26700019836426,24533,24533,17025,452.26700019836426
135_2.0,5,1377.7106875664679,1381.5136287949454,0.0009292416665506158,409.5590000152588,10202,10202,13714,409.55999994277954
200_2.0,2,2225.0102417744483,2270.307988472576,0.0009854165441222024,2202.8109998703003,12242,12242,40317,2202.8120000362396
301_2.5,1,12794.688365391426,12794.688365391426,63.01939627277478,627.5889999866486,475,11426,63233,3095.571000099182
200_2.0,3,2236.444597519097,2269.3594032258834,0.0009909751961717013,2202.9989998340607,8061,8061,43656,2203.0
301_2.5,2,12759.530231706744,12759.530231706744,32.71494253456594,1303.0550000667572,1986,12558,84020,3096.213000059128
200_2.0,4,2247.823047474372,2260.8913850852987,0.0009991953309693587,2202.9270000457764,11974,11974,43764,2202.9270000457764
301_2.5,3,12820.08136656494,12820.08136656494,62.892507200132776,630.0069999694824,136,14347,66694,3095.736999988556
200_2.0,5,2240.8879492427973,2269.299205448999,0.000988925397744591,2236.335000038147,13393,13393,43676,2236.3359999656677
200_2.5,1,1936.0676749340266,1936.1630407969453,0.000963745329606583,2314.188999891281,3142,3142,59337,2314.188999891281
301_2.5,4,12801.30052884139,12801.30052884139,97.01149834574171,45.92700004577637,1,18722,81646,3095.787999868393
200_2.5,2,1917.6884159556007,1932.4909136931528,0.0009944813010760588,2314.036999940872,5971,5971,59024,2314.0380001068115
301_2.5,5,12729.980032717169,12757.382968287495,0.0009933679440447883,3095.8540000915527,8836,8836,81190,3095.8559999465942
200_2.5,3,1934.6005911271263,1945.4925528329363,0.0009858489067477382,2314.0339999198914,6490,6490,58106,2314.034999847412
301_3.0,1,11373.495427196074,11373.495427196074,26.674119883691073,1447.7889997959137,3,12150,84088,3046.388999938965
200_2.5,4,1920.843336373661,1946.036860660443,0.0009880730147384708,2314.106999874115,5446,5446,59329,2314.1080000400543
200_2.5,5,1921.6593445093922,1947.3927390904796,0.0009964358387121752,2314.0599999427795,11786,11786,58943,2314.064999818802
301_3.0,2,11375.25532813266,11375.25532813266,36.98459756103561,1173.316999912262,1,13729,87222,3046.223999977112
200_3.0,1,1725.5319266937001,1730.0767646061113,0.0009824427648849594,2316.2320001125336,8339,8339,66692,2316.2320001125336
301_3.0,3,11363.440437351957,11363.440437351957,53.68684764522247,800.3710000514984,3,12412,83190,3046.5039999485016
200_3.0,2,1726.3532163539985,1739.7381101486565,0.000995232387326132,2316.3659999370575,16106,16106,67963,2316.3659999370575
301_3.0,4,11453.024018147671,11453.024018147671,86.99238071317261,201.5880000591278,1,22899,82028,3046.3550000190735
301_3.0,5,11375.342203884078,11375.342203884078,35.68972953723875,1205.3919999599457,4,20216,110355,3046.085000038147
30_1.0,1,656.0294739502015,656.0294739502015,99.15180230907205,0.03900003433227539,21,7690,900,8.009999990463257
30_1.0,2,656.0294739502049,656.0294739502049,99.95000987305644,0.003999948501586914,2,8406,901,8.007999897003174
30_1.0,3,656.029473950203,656.029473950203,99.9000203293324,0.005000114440917969,1,7055,828,8.005000114440918
30_1.0,4,656.0294739502028,656.0294739502028,99.95000391408206,0.003000020980834961,2,7891,914,8.009999990463257
30_1.0,5,656.0294739502029,656.0294739502029,99.75015053510674,0.01100015640258789,1,8031,897,8.002000093460083
30_1.5,1,514.335433667515,514.335433667515,99.17314364975131,0.029999971389770508,33,11693,834,6.99399995803833
30_1.5,2,514.3354336675167,514.3354336675167,99.6574343409947,0.013000011444091797,17,11295,820,6.99399995803833
30_1.5,3,514.335433667516,514.335433667516,99.85719741723977,0.004999876022338867,6,12126,778,6.99399995803833
30_1.5,4,514.3354336675155,514.3354336675155,99.85719061014606,0.006000041961669922,3,11653,779,6.993000030517578
30_1.5,5,514.3354336675128,514.3354336675128,99.37241420787892,0.023000001907348633,14,12336,824,6.996000051498413
30_2.0,1,488.96555044384866,488.96555044384866,95.84409791930064,0.14700007438659668,186,13400,818,6.990999937057495
